0.01,-0.0101,0.9653
0.0097,-0.007,0.9731
0.0062,-0.0043,0.9755
0.0002,-0.0017,0.9795
-0.0031,0.0012,0.9851
0.0017,0.0035,0.9825
0,0.0075,0.9813
-0.0008,0.0119,0.9792
0.0046,0.0145,0.9785
0.0027,0.0106,0.9792
-0.0002,0.0042,0.979
0.0011,-0.0008,0.9798
-0.0004,-0.0057,0.9814
0.0011,-0.0052,0.9873
-0.0027,-0.0041,0.9958
-0.0001,-0.0015,1.0035
-0.0013,-0.0002,1.0094
0.0005,0.0029,1.01
0.0017,0.0091,1.0102
0.0066,0.012,1.0077
0.0104,0.019,1.0102
0.0063,0.0128,1.0077
0.0047,0.008,1.0062
0.0035,0.0073,1.0022
0.0033,0.0014,1.0028
0.006,0.007,1.0022
0.0062,0.0145,1.0017
0.01,0.0206,1.0041
0.0096,0.0297,1.0036
0.0078,0.0222,0.9995
0.0058,0.0129,0.9948
0.0029,0.0077,0.9872
-0.0016,0.0004,0.9825
-0.0005,0.0032,0.9793
-0.0009,-0.0005,0.9785
-0.0011,0.0002,0.9766
-0.0013,0.0008,0.9767
-0.0062,0.0073,0.9804
-0.011,0.0143,0.9855
-0.0144,0.0178,0.9894
-0.0188,0.0243,0.9956
-0.0142,0.0178,0.9903
-0.0123,0.0133,0.9878
-0.0067,0.0085,0.9807
-0.0059,-0.0001,0.9734
-0.0079,0.0018,0.9726
-0.0097,0.008,0.9773
-0.0108,0.0131,0.9764
-0.0103,0.0129,0.974
-0.0085,0.0074,0.9787
-0.0029,0.0012,0.9804
-0.0016,-0.0029,0.9854
-0.0003,-0.0094,0.9881
0.0026,-0.0056,0.9943
0.0015,0.0006,0.9968
0.0062,0.0066,1.0072
0.0042,0.0157,1.0117
0.0044,0.0084,1.0094
0.0018,0.0074,1.0047
-0.0003,0.0053,0.9981
-0.0033,0.0034,0.9936
0.0037,0.0018,0.9906
0.0118,0.0008,0.9845
0.0172,0.0018,0.9797
0.0248,0.0026,0.9753
0.0263,0.0092,0.9728
0.0307,0.0205,0.968
0.0267,0.0289,0.9635
0.0271,0.0382,0.9574
0.0188,0.0096,0.9637
0.0109,-0.0184,0.9662
0.0056,-0.0412,0.9729
-0.0042,-0.0681,0.9755
-0.0127,-0.0504,0.9755
-0.0199,-0.0312,0.9752
-0.0288,-0.0173,0.9735
-0.0384,0.005,0.9759
-0.0348,0.0004,0.9891
-0.0322,-0.0013,1.0051
-0.0297,-0.0007,1.0194
-0.0252,-0.0059,1.0347
-0.0229,-0.0003,1.0266
-0.0224,0.0001,1.0169
-0.023,-0.0001,1.0108
-0.0212,0.0007,1.0029
-0.0131,0.0071,0.9976
-0.0023,0.0068,0.9975
0.0067,0.0151,0.995
0.0168,0.019,0.9939
0.0233,0.0165,0.9949
0.0246,0.0173,0.9943
0.0288,0.0165,0.9978
0.0305,0.0143,0.9999
0.0236,0.0131,0.9948
0.0177,0.0149,0.995
0.0122,0.017,0.9897
0.006,0.0192,0.9872
0.0063,0.017,0.986
0.0104,0.009,0.9868
0.009,0.0058,0.9898
0.0118,0.0025,0.9854
0.0061,0.008,0.9912
0.0028,0.0173,0.999
-0.0019,0.026,1.0039
-0.007,0.0355,1.0094
-0.0143,0.0227,1.0132
-0.0183,0.0152,1.0158
-0.0247,0.0026,1.0207
-0.0329,-0.0089,1.0235
-0.033,-0.0031,1.0212
-0.0265,-0.0001,1.0211
-0.0187,0.0042,1.0189
-0.0141,0.0092,1.0196
-0.0135,0.0072,1.0193
-0.0121,0.0018,1.0211
-0.0113,0.0029,1.0181
-0.0082,0.0007,1.0178
-0.0043,0.0012,1.0163
-0.0018,0.0057,1.0134
0.0038,0.0043,1.0065
0.0032,0.0078,1.0051
0.0011,0.0049,1.0057
0.0036,0.003,1.0048
0.0019,0.0014,1.0059
0.0001,-0.0004,1.0051
-0.0034,-0.0017,0.9995
-0.0066,-0.0046,0.9989
-0.005,-0.0082,0.9958
-0.0086,-0.01,0.991
-0.007,-0.0104,0.9963
-0.0078,-0.0056,1.0071
-0.0061,-0.003,1.0134
-0.007,-0.003,1.0217
-0.0089,0.0007,1.0283
-0.0097,0.0047,1.0338
-0.0129,0.0064,1.0435
-0.0174,0.0102,1.0477
-0.0169,0.0087,1.0487
-0.0155,0.0016,1.0457
-0.0164,-0.0002,1.0483
-0.0135,-0.0086,1.0463
-0.007,0.0027,1.0424
0.0068,0.0121,1.0349
0.0155,0.0193,1.0308
0.0277,0.0276,1.0237
0.0193,0.0224,1.0143
0.0117,0.0225,1.0087
0.0035,0.021,1.0006
-0.0071,0.0176,0.9944
-0.0011,0.0079,0.9901
0.0012,-0.0007,0.9813
0.0066,-0.0088,0.9802
0.0093,-0.0175,0.9739
0.0071,-0.0126,0.9824
0.0019,-0.007,0.9938
0.0004,-0.0018,1.0018
-0.006,-0.0007,1.0079
-0.0102,0.001,1.0175
-0.0168,-0.0011,1.0257
-0.0188,-0.0026,1.0332
-0.0256,-0.0018,1.0414
-0.0167,-0.0052,1.0403
-0.0076,-0.0051,1.0433
0.0009,-0.0108,1.0446
0.007,-0.0131,1.0418
0.0074,-0.0092,1.0392
0.0071,-0.0101,1.0362
0.0061,-0.0067,1.033
-0.0004,-0.0058,1.0288
0.0036,-0,1.031
0.0057,0.0086,1.0338
0.0076,0.0162,1.0332
0.0106,0.023,1.0336
0.0091,0.0135,1.0274
0.0068,0.0126,1.0201
0.0096,0.0042,1.0161
0.0102,-0.0019,1.0091
0.0074,0.0025,1.0151
0.0101,0.0037,1.0184
0.0072,0.008,1.025
0.0037,0.0141,1.0328
-0.003,0.0138,1.0187
-0.0078,0.0142,1.0038
-0.0163,0.0166,0.9931
-0.0238,0.0221,0.9808
-0.0169,0.022,0.982
-0.0113,0.025,0.9805
-0.0051,0.0256,0.9783
0.0021,0.0246,0.9813
0.0023,0.0188,0.9779
0.0024,0.0037,0.9776
0.0019,-0.0099,0.9773
-0.0003,-0.0171,0.9799
-0.0031,-0.0201,0.9859
-0.0034,-0.0139,0.9887
-0.0039,-0.0102,0.9953
-0.0061,-0.009,1.0035
-0.0052,-0.0146,1.008
0.0043,-0.0153,1.0206
0.0056,-0.0237,1.0261
0.0096,-0.0278,1.0374
0.0102,-0.0241,1.0376
0.0061,-0.0214,1.041
0.0038,-0.0182,1.0434
0.0021,-0.0107,1.047
0.0025,-0.0097,1.0445
0.005,-0.0013,1.0447
0.0037,-0.0031,1.0408
0.0089,-0.0004,1.0393
0.0116,0.0028,1.0285
0.0145,0.0014,1.0237
0.0181,0.004,1.015
0.0244,0.0061,1.0063
0.0209,0.0071,1.0031
0.0195,0.0033,1.0001
0.0116,0.0023,0.9998
0.0097,-0.0004,0.9951
0.0104,-0.001,0.9903
0.0115,-0.0021,0.9917
0.0101,-0.0038,0.9854
0.0054,-0.0024,0.9864
0.0041,-0.0053,0.9932
0.0003,-0.0117,0.9912
-0.0019,-0.0188,0.9964
-0.0072,-0.0236,1.0027
-0.0025,-0.0261,1.0114
0.0035,-0.0253,1.0184
0.009,-0.0273,1.0282
0.0108,-0.0259,1.0388
0.0135,-0.0191,1.044
0.0129,-0.0126,1.0518
0.0134,-0.0061,1.0558
0.0117,-0.0004,1.063
0.0203,-0.0102,1.0478
0.0217,-0.0271,1.0368
0.0225,-0.0389,1.0241
0.0283,-0.0505,1.0105
0.0273,-0.0483,1.0106
0.0186,-0.0433,1.0117
0.0157,-0.0397,1.0123
0.0113,-0.0354,1.0122
0.0099,-0.0315,1.0048
0.0142,-0.0296,1.0004
0.0131,-0.031,0.9963
0.0129,-0.0304,0.9948
0.0079,-0.038,0.9942
0.0024,-0.0461,0.9934
0.0003,-0.0529,0.9964
-0.0021,-0.0636,0.9952
0.0063,-0.0509,1.0015
0.0153,-0.0423,1.0048
0.0253,-0.0288,1.0085
0.0348,-0.0239,1.014
0.0303,-0.0144,1.0242
0.0231,-0.0042,1.0343
0.0141,0.0047,1.0417
0.0074,0.015,1.0547
0.0081,0.008,1.0417
0.0124,0.002,1.0297
0.0107,-0.005,1.0222
0.0108,-0.0104,1.0076
0.0094,-0.0061,1.0081
0.0092,-0.0072,1.0104
0.009,-0.0003,1.0132
0.0077,-0.0016,1.0152
0.0061,-0.0017,1.0082
0.0014,-0.0047,1.0019
0.0018,-0.0082,0.9949
0.0013,-0.012,0.9855
0.0028,-0.0141,0.9899
0.0034,-0.016,0.9854
0.0043,-0.0172,0.9826
0.0066,-0.0191,0.9794
0.0085,-0.0173,0.9833
0.0054,-0.0155,0.9892
0.0055,-0.0122,0.9965
0.0034,-0.0116,1.0029
0.0001,-0.0079,1.0023
-0.0027,-0.0103,1.0035
-0.0029,-0.0093,1.0014
-0.0082,-0.0098,1.0039
-0.0072,-0.0079,1.003
-0.0113,-0.0055,1.0079
-0.0114,-0.0067,1.011
-0.013,-0.006,1.0129
-0.0066,-0.008,1.0163
0.0033,-0.0119,1.0203
0.0109,-0.0109,1.0228
0.0168,-0.0159,1.0293
0.0104,-0.0129,1.0207
0.0066,-0.0094,1.0147
0.0048,-0.0054,1.005
0.0018,-0.0033,1.0004
0.0027,-0.0078,0.995
0.0045,-0.009,0.9941
0.0057,-0.0084,0.9903
0.0062,-0.0102,0.9896
-0.0076,-0.0096,0.9909
-0.0169,-0.0116,0.9907
-0.0309,-0.0122,0.992
-0.0418,-0.0114,0.9937
-0.0308,-0.0006,0.9943
-0.0175,0.0058,0.9988
-0.0073,0.0157,0.9977
0.0078,0.0266,1.0013
0.0096,0.0199,1.0032
0.0062,0.0141,1.0029
0.0099,0.0124,1.0058
0.0091,0.0052,1.0081
0.0079,-0.0021,1.0072
0.0092,-0.0054,1.005
0.0066,-0.0092,1.0061
0.0087,-0.0138,1.005
0.0064,-0.0127,1.0044
0.0092,-0.0136,1.0001
0.0116,-0.0143,0.9969
0.01,-0.0159,0.9912
0.0137,-0.0175,0.993
0.0137,-0.0182,0.9915
0.0117,-0.0187,0.9929
0.0124,-0.0197,0.9898
0.0075,-0.013,0.9907
0.0028,-0.0084,0.9926
-0.0005,-0.0047,0.9937
-0.0064,0.0009,0.9915
-0.0051,-0.0111,0.9862
-0.0084,-0.0242,0.9768
-0.0075,-0.0368,0.9698
-0.0075,-0.0474,0.9642
-0.0096,-0.0368,0.969
-0.0135,-0.0267,0.9807
-0.0167,-0.0154,0.987
-0.0199,-0.0029,0.9963
-0.0277,-0.0063,0.9941
-0.0345,-0.0087,0.994
-0.042,-0.0116,0.9918
-0.0484,-0.0136,0.9902
-0.0294,-0.0134,0.9912
-0.0117,-0.0087,0.9943
0.0091,-0.0085,0.9971
0.0241,-0.0061,1.002
0.0231,-0.0055,0.9982
0.0246,-0.0056,0.9934
0.0218,-0.0059,0.9912
0.0201,-0.0036,0.989
0.0192,-0.007,0.9888
0.0139,-0.0178,0.9853
0.013,-0.0215,0.9891
0.0092,-0.028,0.9847
0.0061,-0.0244,0.9835
0.0014,-0.0217,0.9808
-0.0062,-0.0165,0.9789
-0.0105,-0.0115,0.9775
-0.0071,-0.011,0.9744
-0.0042,-0.0083,0.972
0.001,-0.005,0.9702
0.0038,-0.0053,0.9676
-0.0038,-0.0078,0.975
-0.014,-0.0119,0.9795
-0.0244,-0.0113,0.9885
-0.0336,-0.0136,0.9946
-0.0243,-0.0074,0.9975
-0.0166,0.0041,0.9981
-0.0055,0.0085,1.0001
0.0037,0.0161,1.0014
0.005,0.0139,1.0029
0.0012,0.0144,1.003
0.0033,0.011,1.0026
0.0048,0.0106,1.0028
0.0066,0.0071,1.0026
0.0135,0.0033,0.9979
0.0162,-0.0041,0.9923
0.022,-0.0057,0.9893
0.0231,-0.009,0.9875
0.0218,-0.0097,0.9847
0.0226,-0.0101,0.9824
0.0237,-0.0113,0.9817
0.0211,-0.0079,0.9735
0.0148,-0.0054,0.9676
0.0157,-0.0044,0.9625
0.0104,-0.0011,0.9568
0.0114,0.0007,0.9639
0.0099,0.0027,0.969
0.0097,0.0041,0.9734
0.0094,0.0046,0.9803
-0.0033,0.0044,0.9851
-0.0125,0.0061,0.9908
-0.0225,0.0094,0.9976
-0.0299,0.0069,1.0027
-0.0279,0.001,1.0034
-0.0218,0.0001,1.0064
-0.0196,-0.0036,1.0093
-0.0179,-0.0069,1.013
-0.0064,-0.0062,1.006
-0.0025,-0.0049,1.0002
0.0087,-0.003,0.9959
0.0103,-0.001,0.9925
0.011,0.0068,0.9947
0.0112,0.0158,1.0003
0.0109,0.0236,1.0035
0.0098,0.0343,1.0057
0.012,0.0238,0.9889
0.0102,0.0178,0.9748
0.0094,0.0111,0.9599
0.009,0.0017,0.9416
0.0057,0.0047,0.9401
0.0018,0.0114,0.9399
-0.0012,0.0131,0.941
-0.006,0.0199,0.9405
-0.0112,0.0197,0.9444
-0.0215,0.0154,0.9453
-0.0326,0.0178,0.9518
-0.0377,0.0182,0.9589
-0.0288,0.0104,0.9613
-0.0227,0.0066,0.9657
-0.0114,0.0039,0.9725
-0.0027,-0.0008,0.9759
-0.005,0.0035,0.9845
-0.0052,0.0025,0.9949
-0.0065,0.0048,1.0024
-0.005,0.0081,1.0095
0.0035,0.0021,1.0012
0.0097,-0.0032,0.9961
0.0183,-0.0117,0.9873
0.0264,-0.0171,0.9824
0.0179,-0.0073,0.9863
0.0111,-0.0035,0.99
-0.0018,0.0024,0.995
-0.0044,0.0086,0.9971
-0.0066,-0.0003,0.9846
-0.0071,-0.0102,0.9741
-0.0082,-0.0232,0.9619
-0.0053,-0.0303,0.952
-0.0133,-0.0227,0.9573
-0.0159,-0.0132,0.9673
-0.0217,-0.0045,0.9796
-0.0249,0.0053,0.985
-0.021,0.008,0.98
-0.0161,0.0108,0.9773
-0.01,0.0135,0.973
-0.0045,0.0169,0.9662
-0.0026,0.0161,0.9753
0.003,0.015,0.9857
0.0078,0.0136,0.9951
0.017,0.0092,1.0047
0.0104,0.013,1.0027
0.0105,0.0171,0.9976
0.0049,0.0183,0.9961
0.0037,0.0202,0.9924
0.0025,0.0202,0.9931
0.0083,0.0132,0.9955
0.0088,0.0106,0.9963
0.0123,0.0082,0.9948
0.0104,0.0085,0.9905
0.0114,0.0021,0.9834
0.0123,-0.0005,0.9802
0.0113,-0.0022,0.9747
0.0058,-0.0008,0.9746
0.0005,-0.0045,0.9727
-0.0018,-0.0005,0.9741
-0.0094,-0.003,0.9725
-0.007,-0.0063,0.9726
-0.0028,-0.0066,0.9695
0.0014,-0.0114,0.9667
0.0069,-0.0093,0.9679
-0.0036,-0.0023,0.9783
-0.0094,-0.0002,0.9852
-0.0178,0.0042,0.9962
-0.0316,0.0102,1.0025
-0.0189,0.0052,1.0057
-0.0101,0.0026,1.0064
-0.0018,-0.0024,1.0065
0.0081,-0.0096,1.0113
0.0122,-0.0016,1.0083
0.0215,0.0036,1.0073
0.0261,0.0102,1.0103
0.0292,0.0185,1.0079
0.0238,0.0237,1.0047
0.0225,0.0268,1.0017
0.0154,0.0297,0.9954
0.014,0.0356,0.9966
0.0122,0.0251,0.9788
0.0097,0.0188,0.9615
0.0117,0.0093,0.9458
0.0101,0.0032,0.9271
0.0102,0.0016,0.9326
0.0125,0.0012,0.9347
0.0106,-0.0017,0.9386
0.0093,0.0012,0.9427
0.0012,-0.0007,0.9557
-0.0083,-0.0008,0.9672
-0.016,-0.0023,0.9793
-0.0265,0.0023,0.994
-0.0188,-0.0045,0.9932
-0.0152,-0.0078,0.9947
-0.0119,-0.0098,0.9927
-0.0054,-0.0153,0.9898
0.0002,-0.0066,1.0059
0.0024,0.0025,1.0184
0.0089,0.0089,1.0301
0.013,0.0174,1.0406
0.0079,0.017,1.0337
0.0014,0.0173,1.0258
-0.0031,0.0167,1.0186
-0.0091,0.0136,1.0089
0.0042,0.0138,0.9995
0.0129,0.0172,0.9907
0.0232,0.0189,0.9852
0.0347,0.0175,0.976
0.0261,0.0219,0.9861
0.0217,0.0247,0.9953
0.0121,0.0262,1.0024
0.0053,0.0283,1.0104
0.002,0.024,1.0019
-0.0038,0.0239,0.9904
-0.0075,0.0216,0.9825
-0.0144,0.0198,0.9713
-0.0131,0.0135,0.9738
-0.0199,0.0131,0.9775
-0.0182,0.0053,0.9821
-0.0159,0.0012,0.9879
-0.0144,0.0018,0.9869
-0.0087,0.0067,0.9894
-0.005,0.0079,0.9908
-0.0012,0.0125,0.9919
-0.0012,0.011,1.0003
-0.0004,0.0148,1.0098
0.0019,0.0128,1.018
-0.0003,0.0148,1.026
0.0064,0.009,1.023
0.0106,0.0066,1.0172
0.0165,0.0026,1.0093
0.0181,-0.0003,1.0022
0.0148,0.0086,1.0035
0.0109,0.0087,1.0048
0.0081,0.0116,1.0046
0.0031,0.0161,1.0028
0.003,0.0144,0.9924
0.0031,0.0101,0.9855
0.0037,0.0039,0.974
0.0028,-0.0007,0.9662
0.0048,-0.002,0.9742
0.0031,0.0007,0.9797
0.0034,-0.0028,0.9867
0.005,-0.0014,0.9922
0.0027,-0.0009,0.9962
-0.0011,-0.0006,0.9974
-0.0042,-0.0014,1.0013
-0.003,-0.0004,1.0062
-0.0101,0.0016,1.0084
-0.0117,0.0017,1.0107
-0.0134,0.0048,1.0116
-0.0172,0.0038,1.0141
-0.0208,0.0051,1.0204
-0.0167,0.0079,1.0262
-0.0205,0.0101,1.035
-0.0172,0.01,1.0386
-0.0136,0.0117,1.0294
-0.0039,0.0153,1.0172
0.0043,0.0149,1.0052
0.0114,0.0206,0.9947
0.0108,0.0126,0.9946
0.0121,-0,0.9938
0.0123,-0.0108,0.9959
0.011,-0.0163,0.9927
0.0168,-0.0146,0.9867
0.018,-0.006,0.984
0.023,-0.0005,0.981
0.0269,0.0061,0.9765
0.0318,0.0059,0.9756
0.0357,0.0103,0.9741
0.04,0.0144,0.9765
0.0443,0.0184,0.9757
0.0319,0.0184,0.9714
0.0181,0.0188,0.9652
0.0073,0.0181,0.9624
-0.0064,0.0177,0.9566
-0.0065,0.004,0.9596
-0.0063,-0.0061,0.9583
-0.0034,-0.0202,0.9605
-0.006,-0.032,0.9593
-0.0058,-0.024,0.9614
-0.0046,-0.0088,0.966
-0.0058,0.0066,0.971
-0.0054,0.0191,0.9726
-0.0036,0.025,0.9864
-0.0046,0.0325,0.9976
-0.0059,0.0346,1.0085
-0.0072,0.0419,1.0218
0.0003,0.0339,1.0139
0.0069,0.0306,1.0073
0.0115,0.0229,0.9961
0.0145,0.0183,0.9916
0.0161,0.0229,0.9879
0.014,0.0238,0.9868
0.0143,0.0288,0.9863
0.0165,0.0313,0.9849
0.0117,0.0259,0.9803
0.0067,0.0189,0.9816
0.001,0.0122,0.9764
-0.0011,0.0016,0.9725
-0.0018,0.0028,0.9732
-0.0018,0.009,0.9726
0.0024,0.0057,0.9662
-0.0001,0.0065,0.9653
-0.006,-0.0014,0.9687
-0.0112,-0.0076,0.977
-0.0136,-0.0134,0.9853
-0.0187,-0.0205,0.9942
-0.0172,-0.0154,0.9922
-0.0182,-0.0086,1.0012
-0.0173,-0.0022,1.0056
-0.0194,0.0038,1.0064
-0.017,-0.0001,1.0095
-0.0188,-0.007,1.0069
-0.0154,-0.0116,1.0123
-0.0145,-0.0188,1.0139
-0.0104,-0.0068,1.0103
-0.0019,0.0057,1.0086
0.0048,0.0156,1.0063
0.0098,0.0265,1.0012
0.0136,0.0224,0.9972
0.0124,0.0182,0.9913
0.0115,0.0137,0.9885
0.0111,0.0094,0.9828
0.0142,0.0193,0.9842
0.0125,0.0234,0.9851
0.0101,0.0267,0.988
0.0121,0.0339,0.988
0.0015,0.0285,0.9882
-0.0031,0.0288,0.9834
-0.0142,0.0213,0.9842
-0.017,0.0186,0.9818
-0.0156,0.0148,0.9806
-0.0124,0.0041,0.977
-0.012,-0.0008,0.974
-0.0062,-0.0073,0.9717
-0.0067,-0.0019,0.9783
-0.0011,0.0042,0.9819
-0.0044,0.0107,0.9875
-0.0006,0.0147,0.9909
-0.0036,0.0159,0.9959
-0.003,0.0131,0.9989
-0.0032,0.0133,0.9955
-0.0029,0.0129,0.9983
-0.0013,0.0097,0.999
0.0009,0.006,1.0035
0.0009,0.0031,1.0074
0.0046,0.0005,1.0123
0.0143,0.0113,1.006
0.0167,0.0219,1.0032
0.0191,0.0349,0.9968
0.027,0.0456,0.9927
0.0236,0.0333,0.9871
0.0195,0.0241,0.9859
0.0128,0.0111,0.9805
0.0102,0.002,0.9799
0.0053,-0.0025,0.9674
0.0024,-0.0065,0.9595
-0.0037,-0.0131,0.9508
-0.0058,-0.0208,0.9406
-0.0118,-0.0015,0.9531
-0.0138,0.0177,0.9673
-0.0195,0.0364,0.9779
-0.0276,0.0523,0.9944
-0.0348,0.0456,0.9946
-0.0403,0.0357,1.0001
-0.0511,0.0262,0.9997
-0.0565,0.0161,1.003
-0.0487,0.0179,1.0072
-0.04,0.0223,1.0148
-0.0322,0.0214,1.0221
-0.0279,0.0207,1.0248
-0.0213,0.0233,1.0167
-0.0189,0.0241,1.0128
-0.0142,0.0248,0.9989
-0.0105,0.0265,0.9933
-0.0066,0.0225,0.9921
-0.0004,0.0178,0.9942
0.0067,0.0154,0.994
0.0128,0.0109,0.994
0.0119,0.0029,0.987
0.011,-0.0027,0.9857
0.0104,-0.0077,0.9802
0.0123,-0.0156,0.975
0.006,-0.0076,0.978
0.0004,-0.0005,0.9834
-0.0071,0.0073,0.9875
-0.0136,0.0114,0.9933
-0.0167,0.0043,0.9946
-0.0152,-0.0014,0.9931
-0.0238,-0.0103,0.9959
-0.0287,-0.0189,0.9962
-0.0228,-0.0067,0.9901
-0.0178,0.0039,0.9854
-0.0105,0.0166,0.9813
-0.0017,0.0266,0.9779
-0.0085,0.0179,0.9825
-0.0129,0.0109,0.9865
-0.0186,0.0008,0.9884
-0.027,-0.0084,0.9975
-0.0137,0.0029,0.9934
-0.0022,0.0102,0.994
0.0096,0.0183,0.9924
0.0211,0.0293,0.9938
0.0174,0.0233,0.9967
0.0132,0.0167,0.9975
0.0086,0.0108,0.9979
0.0032,0.0068,1.0041
0.0077,0.0108,0.9917
0.0136,0.0117,0.9847
0.0242,0.0197,0.9756
0.0259,0.0241,0.9674
0.0236,0.0183,0.9691
0.0183,0.0131,0.9702
0.0129,0.0105,0.9689
0.0067,0.0047,0.9681
0.0066,0.0012,0.9628
0.0036,-0.0068,0.963
-0.0008,-0.0131,0.9601
-0.0013,-0.0195,0.9548
-0.0031,-0.0213,0.9649
-0.0067,-0.0202,0.969
-0.0067,-0.0216,0.9766
-0.0116,-0.0235,0.9865
-0.0091,-0.0172,0.9877
-0.0083,-0.007,0.9912
-0.0057,-0.0013,0.993
-0.0051,0.0062,0.9975
-0.0083,0.0032,0.9958
-0.0127,-0.0022,0.9968
-0.0158,-0.0046,0.9975
-0.0194,-0.0073,0.9943
-0.0092,-0.0056,0.9948
0.0039,-0.0042,0.9927
0.0171,-0.0049,0.9893
0.0305,-0.0012,0.9915
0.0264,0.0066,0.9897
0.0188,0.0177,0.9913
0.015,0.0265,0.9925
0.0103,0.0371,0.9893
0.013,0.0276,0.9809
0.0105,0.0168,0.9664
0.0116,0.0084,0.9517
0.0114,0.0043,0.9407
0.0058,0.0052,0.9435
0.0039,0.01,0.9489
-0.0026,0.0152,0.9534
-0.0033,0.0192,0.9596
-0.0069,0.021,0.9647
-0.0112,0.0242,0.9659
-0.0149,0.0273,0.9721
-0.0206,0.0287,0.9758
-0.0182,0.0218,0.9834
-0.0133,0.0152,0.9886
-0.0077,0.0077,0.9987
-0.0058,-0.0006,1.0066
-0.0005,-0.0011,1.0089
0.0015,-0.0016,1.0095
0.0064,-0.0034,1.0105
0.0093,-0.0079,1.0076
0.0138,-0.0003,1.0075
0.0163,0.0061,1.0069
0.0182,0.0121,1.0059
0.026,0.0162,1.0009
0.0249,0.01,0.992
0.0187,-0.0007,0.9843
0.0146,-0.0055,0.9754
0.0132,-0.0114,0.9659
0.0093,-0.0036,0.9687
0.0027,0.0038,0.9642
0.0024,0.0104,0.9625
0.0011,0.0225,0.9627
-0.0042,0.0153,0.9644
-0.0069,0.0128,0.9667
-0.0072,0.0066,0.973
-0.0135,0.0022,0.9725
-0.0045,0.0067,0.9717
-0.0021,0.0065,0.9686
0.0042,0.0089,0.9702
0.0086,0.014,0.9675
-0.0017,0.0071,0.9787
-0.0121,0.0104,0.984
-0.0227,0.0101,0.9961
-0.0322,0.0133,1.0028
-0.0182,0.0043,1.0039
-0.0032,0.0036,1.0034
0.0062,0.0029,1.0009
0.0201,-0.0009,1.0025
0.0205,-0.001,0.999
0.0147,-0.0013,0.9972
0.0132,0.0028,0.9958
0.0134,0.0019,0.9935
0.01,0.0027,0.9901
0.0126,0.01,0.983
0.0109,0.0107,0.9825
0.0116,0.0145,0.9724
0.0059,0.0103,0.9717
0.0026,0.0098,0.9675
-0.0038,0.0091,0.9626
-0.0059,0.0071,0.9584
-0.0052,0.0068,0.9612
-0.0031,0.0036,0.9633
-0.0013,0.0048,0.9673
-0.0011,0.0016,0.9689
0.0019,0.0057,0.9764
-0.0034,0.0089,0.9887
-0.0056,0.0079,0.9983
-0.0063,0.0091,1.007
0.0017,0.0057,0.9984
0.0034,0.0015,0.994
0.0065,-0.0016,0.9886
0.0141,-0.0051,0.9825
0.014,0.0007,0.9885
0.0112,0.0091,0.9923
0.0136,0.0129,0.9993
0.0143,0.0186,1.0063
0.0083,0.0275,0.9965
0.0031,0.0411,0.9924
-0.001,0.0431,0.984
-0.0054,0.0532,0.9743
-0.0081,0.0546,0.9838
-0.0071,0.0529,0.9899
-0.0073,0.0524,1.0015
-0.0045,0.05,1.0062
-0.0043,0.0334,0.9997
0.0024,0.0173,0.988
0.006,0.0005,0.9854
0.0125,-0.0154,0.9761
0.0156,-0.017,0.9714
0.0203,-0.0167,0.9687
0.0256,-0.0145,0.9661
0.0262,-0.0145,0.9597
0.0182,-0.0143,0.9638
0.0116,-0.0071,0.9736
0.0041,-0.0069,0.9728
-0.0033,-0.0017,0.979
-0.0037,-0.007,0.9866
-0.006,-0.009,0.993
-0.0057,-0.0138,1.0012
-0.0057,-0.0174,1.0116
-0.0066,-0.0203,1.0076
-0.0105,-0.0264,1.0004
-0.012,-0.0316,0.9981
-0.0129,-0.0344,0.993
-0.015,-0.021,0.9971
-0.0132,-0.005,0.9967
-0.0112,0.0089,0.9989
-0.0115,0.0243,1.0015
-0.0082,0.0191,0.9971
-0.0076,0.0106,0.9953
-0.0037,0.0055,0.993
-0.0019,-0.0022,0.9899
0.0031,0.0008,0.9805
0.0081,0.0045,0.9759
0.0135,0.005,0.9692
0.0181,0.0126,0.9639
0.0127,0.0024,0.9679
0.0088,-0.0056,0.9716
0.005,-0.0145,0.9789
0.0004,-0.0252,0.9827
0.0003,-0.0159,0.9804
0.0001,-0.0113,0.9803
0.0033,-0.0033,0.9795
0.0015,0.0026,0.9775
-0.0023,-0.0047,0.9834
-0.0022,-0.012,0.9852
-0.006,-0.02,0.9882
-0.0077,-0.0273,0.9936
-0.0055,-0.0203,0.9923
-0.0063,-0.0138,1
-0.0068,-0.0078,1.0014
-0.0079,-0.0007,1.0017
-0.0038,-0.009,1.004
-0.0021,-0.0115,1.0041
-0.0011,-0.0155,1.0058
0.0028,-0.0209,1.0054
0.0036,-0.0156,1.0011
0.0058,-0.0083,0.9962
0.0086,-0.0015,0.9866
0.0134,0.0057,0.9833
0.013,0.0049,0.9824
0.0101,0.0048,0.9804
0.0105,0.0025,0.9769
0.0119,0.0025,0.9756
0.0073,-0.0056,0.9727
0.0063,-0.0097,0.9646
0.0032,-0.0141,0.9594
0.0001,-0.0216,0.9564
-0.0017,-0.0176,0.9653
-0.0035,-0.0141,0.9736
-0.0044,-0.0121,0.9841
-0.0071,-0.0064,0.9933
-0.0025,-0.0075,0.9893
0.0062,-0.0069,0.989
0.0118,-0.0082,0.9828
0.0164,-0.0115,0.9804
0.0195,-0.0055,0.9817
0.0233,-0.0039,0.9832
0.0269,0,0.9886
0.0299,0.0026,0.9886
0.0287,0.0007,0.992
0.0314,0.0026,0.9975
0.0281,0.0001,1.0021
0.028,-0.0013,1.0062
0.0269,-0.0027,0.9978
0.0294,-0.0085,0.9912
0.0301,-0.0115,0.9814
0.0293,-0.0151,0.9729
0.0281,-0.0236,0.9662
0.02,-0.0356,0.9586
0.0145,-0.0412,0.9494
0.0111,-0.0541,0.9392
0.0068,-0.0389,0.9482
0.0036,-0.0254,0.9591
-0.001,-0.0117,0.9663
-0.0072,-0.0011,0.9765
-0.0049,-0.0069,0.9803
-0.0045,-0.0137,0.9849
-0.0052,-0.02,0.9883
-0.0061,-0.0297,0.993
0.0049,-0.0276,0.993
0.0166,-0.0213,0.9933
0.0275,-0.0193,0.9906
0.0336,-0.0121,0.9903
0.0307,0.0023,0.9912
0.0205,0.0171,0.9936
0.0141,0.0307,0.9962
0.0056,0.0467,0.9978
0.0159,0.033,0.9889
0.0248,0.0234,0.9817
0.0313,0.0155,0.9763
0.0371,0.0061,0.9707
0.0377,0.0034,0.9708
0.0331,-0.005,0.9712
0.0297,-0.0069,0.9693
0.0249,-0.0129,0.974
0.02,-0.0125,0.9764
0.0164,-0.0091,0.9744
0.01,-0.0127,0.9746
0.0042,-0.0104,0.9758
-0.0006,-0.0127,0.9827
-0.0077,-0.0186,0.984
-0.013,-0.0258,0.9894
-0.0173,-0.0283,0.994
-0.0086,-0.0278,0.9937
-0.0001,-0.0291,0.9931
0.0043,-0.0268,0.9937
0.019,-0.026,0.9925
0.0137,-0.0251,0.9992
0.0135,-0.0245,1.0042
0.0118,-0.0189,1.0073
0.0148,-0.0159,1.0137
0.0113,-0.01,1.007
0.0067,-0.0032,1.004
0.0062,0.004,1.0051
0.005,0.01,1.0041
0.0036,0.0071,1.0106
0.0063,0.0029,1.0147
0.0089,-0.0015,1.0249
0.0077,-0.0047,1.0311
0.0127,-0.0076,1.0296
0.015,-0.0104,1.0267
0.0205,-0.0122,1.0246
0.0188,-0.0152,1.0206
0.0173,-0.0092,1.0142
0.0099,-0.0031,1.0066
0.0022,0.0065,0.9987
-0.0001,0.0126,0.9935
0.0008,0.0029,0.9854
0.0005,-0.0072,0.9767
0.0054,-0.0188,0.9698
0.0045,-0.0281,0.9642
0.0018,-0.0264,0.9695
0.0006,-0.0236,0.9782
-0.0035,-0.0199,0.9862
-0.0062,-0.0183,0.9948
-0.016,-0.0207,0.9976
-0.0234,-0.0232,1.0059
-0.0273,-0.0253,1.0141
-0.0358,-0.0335,1.0228
-0.0213,-0.0247,1.016
-0.006,-0.0204,1.0135
0.0081,-0.015,1.0158
0.0199,-0.0077,1.0077
0.0189,-0.0047,1.0154
0.0118,0.0032,1.0208
0.0051,0.0046,1.0309
-0,0.0104,1.0389
0.0064,0.0111,1.0367
0.0118,0.0077,1.0293
0.0219,0.0064,1.0274
0.0277,0.0015,1.0218
0.0218,-0.0076,1.0046
0.0171,-0.0152,0.9886
0.0145,-0.0261,0.9734
0.0118,-0.034,0.9572
0.0064,-0.0331,0.9615
0.0033,-0.0249,0.9665
-0.0014,-0.0222,0.9725
-0.0088,-0.0175,0.9743
-0.016,-0.0207,0.9766
-0.0233,-0.0224,0.9806
-0.0289,-0.0291,0.9751
-0.0389,-0.0328,0.9798
-0.0314,-0.0341,0.979
-0.0232,-0.0352,0.9781
-0.0119,-0.0394,0.9781
-0.0055,-0.043,0.9808
-0.003,-0.036,0.9919
-0.0022,-0.0226,1.0027
-0.0014,-0.0128,1.0144
-0.0009,-0.0058,1.0255
0.0091,-0.0064,1.0213
0.0173,-0.0108,1.0201
0.0288,-0.0137,1.0174
0.0402,-0.0145,1.014
0.0381,-0.0172,1.0081
0.0377,-0.0207,1.0064
0.0371,-0.0165,0.9991
0.0333,-0.0212,0.9996
0.031,-0.0131,0.9951
0.0318,-0.007,0.9893
0.0275,-0.0044,0.9838
0.0226,-0.0004,0.9796
0.0101,-0.0044,0.9842
-0.0022,-0.0116,0.9864
-0.0124,-0.0161,0.9896
-0.0232,-0.0202,0.9939
-0.0253,-0.027,0.9878
-0.0287,-0.0304,0.9792
-0.0244,-0.0356,0.9694
-0.0302,-0.0373,0.9662
-0.0256,-0.0242,0.9749
-0.0226,-0.0144,0.9821
-0.0159,0.0016,0.9937
-0.0178,0.0137,1.0038
-0.0142,0.0057,1.0027
-0.0054,-0.0024,1.0037
-0.0034,-0.0085,1.001
0.0034,-0.0179,1.002
0.009,-0.0077,1.0019
0.0132,0.0086,1.0037
0.0219,0.0201,1.0064
0.03,0.0314,1.0075
0.029,0.025,1.0042
0.0301,0.0191,0.9972
0.0299,0.0133,0.9902
0.0306,0.0103,0.9866
0.0305,0.008,0.9867
0.0305,0.0086,0.9836
0.0328,0.0059,0.9798
0.0336,0.0074,0.9805
0.0256,0.0069,0.9777
0.0162,0.0037,0.9797
0.006,0.0031,0.9781
-0.0066,0.0012,0.9743
-0.0083,0.0003,0.9788
-0.0125,-0.004,0.9778
-0.0125,-0.0045,0.9783
-0.0152,-0.0081,0.9809
-0.0129,-0.0175,0.9853
-0.0111,-0.0241,0.987
-0.0102,-0.0307,0.9925
-0.0052,-0.0401,0.9964
-0.0026,-0.0231,1.0057
0.0052,-0.0048,1.0103
0.0075,0.0139,1.0176
0.0168,0.0322,1.0231
0.0187,0.0175,1.0147
0.02,0.0081,1.0091
0.0256,-0.0031,0.9997
0.0268,-0.014,0.9899
0.0217,-0.0083,1.0047
0.0182,-0.0044,1.0177
0.0147,-0.0005,1.0262
0.0089,0.0018,1.0404
0.0108,0.0001,1.0347
0.0087,0.002,1.0265
0.0111,0.0031,1.0193
0.0105,-0.0001,1.0097
0.0197,0.0051,1.0172
0.0303,0.0103,1.019
0.0389,0.016,1.0221
0.0469,0.0185,1.0311
0.0427,0.0152,1.0214
0.0396,0.01,1.013
0.0325,0.0022,1.0031
0.0291,-0.0014,0.995
0.0253,-0.0235,0.9898
0.0202,-0.0465,0.9867
0.0201,-0.0689,0.9848
0.0127,-0.0908,0.9787
0.0053,-0.0741,0.9895
-0.0013,-0.0597,1.0006
-0.0087,-0.0403,1.0128
-0.0116,-0.0224,1.0214
-0.0101,-0.0199,1.0262
-0.0103,-0.0162,1.0281
-0.0067,-0.0144,1.0322
-0.008,-0.0102,1.0336
-0.0098,-0.0032,1.0348
-0.012,0.0014,1.0355
-0.0151,0.0093,1.0374
-0.0157,0.0174,1.0364
-0.0053,0.0194,1.0272
-0.0045,0.0195,1.0209
0.0046,0.0233,1.0151
0.011,0.025,1.0104
0.0109,0.0203,1.0132
0.012,0.0124,1.0132
0.0175,0.0044,1.017
0.0182,-0.0027,1.0223
0.0178,-0.0002,1.0079
0.0214,-0.0048,1.0008
0.0218,-0.009,0.9872
0.024,-0.008,0.978
0.0192,-0.0039,0.9902
0.0198,-0.0002,0.9951
0.0167,0.0016,1.0032
0.0118,0.0073,1.0133
0.0049,-0.0064,1.0065
-0.0068,-0.0215,1.0017
-0.0136,-0.031,0.9978
-0.0251,-0.0431,0.9948
-0.0292,-0.0395,1.0008
-0.0306,-0.0344,1.004
-0.0351,-0.0298,1.0082
-0.0366,-0.0294,1.0138
-0.0298,-0.0115,1.014
-0.0208,0.0048,1.0172
-0.0125,0.0198,1.0181
-0.0057,0.036,1.0216
-0.01,0.0253,1.0335
-0.0179,0.021,1.0377
-0.0232,0.0133,1.0493
-0.0283,0.0037,1.0594
-0.0137,0.0014,1.0503
-0.0006,-0.0055,1.0379
0.0155,-0.0131,1.0315
0.0276,-0.0167,1.0221
0.02,0.0041,1.012
0.0097,0.0207,1
-0.0008,0.0405,0.9936
-0.0115,0.0596,0.9827
-0.003,0.0551,0.9865
0.0057,0.0524,0.9883
0.0152,0.0508,0.9902
0.0255,0.0475,0.9955
0.0059,0.0504,1.0069
-0.0124,0.0561,1.0196
-0.0322,0.0573,1.0353
-0.0547,0.0594,1.0489
-0.0735,0.0361,1.0507
-0.0947,0.0114,1.0525
-0.1175,-0.0129,1.0543
-0.1422,-0.0383,1.0543
-0.1197,-0.0226,1.0263
-0.0937,-0.0089,0.9946
-0.0743,0.0043,0.9659
-0.0523,0.019,0.9343
-0.0298,-0.0052,0.9303
-0.01,-0.0336,0.9311
0.0075,-0.0564,0.927
0.0262,-0.0829,0.9258
0.0509,-0.0659,0.9647
0.0731,-0.0507,1.0041
0.0968,-0.0347,1.0413
0.1155,-0.0194,1.0829
0.0929,-0,1.0927
0.0642,0.0221,1.0983
0.0417,0.0439,1.1094
0.0117,0.062,1.116
0.0128,0.0635,1.0877
0.0164,0.0668,1.0601
0.0164,0.0665,1.0304
0.0201,0.067,1.0004
-0.0085,0.0411,0.9755
-0.0325,0.0132,0.9503
-0.0609,-0.0136,0.9233
-0.0858,-0.0446,0.8977
-0.0525,-0.0651,0.9107
-0.0209,-0.0892,0.9162
0.0163,-0.1097,0.9281
0.0509,-0.1345,0.936
0.0174,-0.0724,0.9468
-0.0159,-0.0101,0.9578
-0.0526,0.0482,0.9684
-0.0859,0.1107,0.9791
-0.0465,0.0978,0.9816
-0.0113,0.0837,0.9789
0.0206,0.0661,0.9795
0.0585,0.0513,0.9807
0.0419,0.0304,0.9855
0.0263,0.0129,0.99
0.008,-0.0047,0.9967
-0.0087,-0.0221,1.0006
0.0095,-0.0728,1.0143
0.0242,-0.1214,1.0203
0.0406,-0.1707,1.0323
0.0577,-0.2229,1.0409
0.0717,-0.2373,1.0325
0.0836,-0.2517,1.0276
0.0912,-0.2681,1.0206
0.1036,-0.2822,1.0107
0.0924,-0.1666,1.0101
0.0751,-0.0515,1.0094
0.0633,0.063,1.0082
0.0498,0.1763,1.0066
0.0329,0.1728,1.0261
0.0181,0.1682,1.0409
0.0019,0.1645,1.0554
-0.0155,0.1596,1.0726
-0.0323,0.1087,1.0665
-0.0485,0.0594,1.0554
-0.0661,0.0069,1.0494
-0.0814,-0.0451,1.0404
-0.0716,-0.0962,1.0325
-0.056,-0.1491,1.0216
-0.0441,-0.196,1.0099
-0.0287,-0.2464,1.0021
-0.026,-0.2098,0.9616
-0.0198,-0.1663,0.9232
-0.0181,-0.1277,0.8798
-0.0133,-0.0873,0.8429
0.0226,-0.0189,0.8744
0.0601,0.0512,0.9018
0.0967,0.1201,0.9296
0.1352,0.1877,0.9624
0.0826,0.1341,0.941
0.032,0.0759,0.9237
-0.0169,0.0257,0.9067
-0.0699,-0.0305,0.8898
-0.0483,-0.0398,0.9488
-0.0326,-0.0527,1.0066
-0.0143,-0.0639,1.0685
0.0031,-0.0759,1.1302
0.0816,-0.0667,1.1222
0.1625,-0.0503,1.1146
0.2426,-0.0373,1.111
0.3243,-0.0289,1.1034
0.3456,-0.0219,1.1085
0.3659,-0.015,1.1095
0.3876,-0.0133,1.1146
0.408,-0.0057,1.1142
0.4134,0.0038,1.0634
0.4144,0.019,1.0103
0.4178,0.0304,0.955
0.4202,0.0402,0.9001
0.3146,0.0636,0.9046
0.2086,0.0822,0.9113
0.1031,0.1041,0.9154
-0.0074,0.127,0.9203
-0.0916,0.0998,0.8687
-0.1766,0.0761,0.8181
-0.2598,0.047,0.766
-0.3451,0.0187,0.7156
-0.3953,0.0057,0.7169
-0.4443,-0.0152,0.7205
-0.4902,-0.0323,0.724
-0.5425,-0.0482,0.7317
-0.3404,-0.0347,0.8511
-0.1327,-0.0208,0.9741
0.0713,-0.0087,1.0937
0.2746,0.0036,1.2141
0.2241,-0.0221,1.255
0.1749,-0.0492,1.2936
0.1272,-0.0777,1.3316
0.0773,-0.1044,1.3727
0.0138,-0.0958,1.3404
-0.0397,-0.0877,1.3111
-0.0965,-0.0817,1.2848
-0.1568,-0.0693,1.258
-0.2067,-0.0328,1.1766
-0.2576,0.0075,1.102
-0.3083,0.0491,1.0187
-0.3532,0.0877,0.942
-0.3573,0.0696,0.9809
-0.356,0.0483,1.018
-0.3574,0.0344,1.0588
-0.3569,0.0141,1.0952
-0.2665,0.0038,1.0595
-0.1763,-0.0069,1.0225
-0.0863,-0.0159,0.9861
0.0087,-0.0276,0.9511
-0.0332,0.0243,1.0148
-0.0704,0.0751,1.0755
-0.1092,0.1232,1.1405
-0.1455,0.1691,1.2056
-0.1267,0.1122,1.1106
-0.1064,0.0598,1.0165
-0.0885,0.0006,0.9219
-0.0722,-0.0574,0.8271
-0.0282,-0.0351,0.8571
0.0118,-0.0135,0.8912
0.0563,0.0064,0.9257
0.0993,0.0287,0.9571
0.0887,0.0444,0.9813
0.0766,0.0593,1.0046
0.0643,0.0748,1.0298
0.0494,0.0904,1.05
0.0216,0.0864,1.0613
-0.011,0.0828,1.0725
-0.0428,0.0747,1.0798
-0.0738,0.0761,1.0929
-0.0675,0.0159,1.104
-0.0619,-0.0448,1.1145
-0.0562,-0.1077,1.1284
-0.0504,-0.1675,1.1393
-0.0312,-0.1373,1.1221
-0.0111,-0.101,1.1076
0.0063,-0.0683,1.0904
0.0237,-0.0384,1.0748
0.0624,-0.0401,1.0871
0.1015,-0.0431,1.0955
0.1373,-0.046,1.1063
0.1764,-0.0464,1.1208
0.1389,-0.034,1.0945
0.0997,-0.0254,1.0704
0.0625,-0.0169,1.0468
0.0221,-0.0081,1.0217
0.0396,-0.0184,1.0466
0.0568,-0.0278,1.0706
0.0765,-0.039,1.0982
0.0947,-0.0476,1.1244
0.0912,-0.0206,1.1081
0.0877,0.0054,1.091
0.0877,0.0308,1.0759
0.0867,0.0557,1.0628
0.0613,0.0872,1.0354
0.0368,0.1137,1.0075
0.0117,0.141,0.9801
-0.0089,0.1677,0.9548
-0.0074,0.1397,0.9636
-0.0003,0.1097,0.974
0.0062,0.0851,0.9818
0.011,0.0572,0.9928
0.0118,-0.0331,0.9301
0.015,-0.1257,0.8715
0.0194,-0.2083,0.8057
0.0193,-0.3008,0.7442
0.0555,-0.2468,0.8119
0.0927,-0.1917,0.8822
0.1307,-0.1393,0.9474
0.1675,-0.0817,1.0131
0.1329,0.0176,1.0465
0.0936,0.1192,1.072
0.0545,0.2189,1.1061
0.0155,0.3181,1.1357
0.0161,0.21,1.1037
0.0068,0.1022,1.0759
0.0072,-0.0102,1.0439
0.0045,-0.1187,1.0128
-0.0389,-0.1434,0.9993
-0.0831,-0.1688,0.9868
-0.125,-0.1957,0.9715
-0.166,-0.2199,0.9546
-0.1396,-0.2007,0.9558
-0.1083,-0.1816,0.957
-0.0789,-0.1593,0.9553
-0.0482,-0.143,0.9514
-0.0174,-0.0614,0.9657
0.0184,0.0165,0.9789
0.0494,0.0962,0.993
0.086,0.1775,1.0038
0.1071,0.1368,0.997
0.1274,0.0978,0.9872
0.1486,0.0595,0.9791
0.1726,0.021,0.972
0.1405,-0.0313,0.9712
0.1117,-0.0812,0.9757
0.0813,-0.1342,0.9767
0.0511,-0.1866,0.9769
0.0185,-0.1728,0.9531
-0.0133,-0.1594,0.9309
-0.0478,-0.1494,0.9036
-0.082,-0.1388,0.881
-0.069,-0.0896,0.8518
-0.056,-0.0402,0.8284
-0.0408,0.0103,0.8008
-0.027,0.0584,0.7741
-0.0314,0.0511,0.7977
-0.031,0.0428,0.8201
-0.0328,0.0374,0.8413
-0.0339,0.0309,0.8613
-0.0369,0.0117,0.8906
-0.0338,-0.0046,0.9183
-0.0351,-0.0257,0.9449
-0.0299,-0.0421,0.977
-0.0439,-0.0251,1.0204
-0.0602,-0.0077,1.0673
-0.0723,0.0079,1.11
-0.0848,0.0255,1.1552
-0.0113,0.0354,1.1759
0.06,0.0442,1.1982
0.1296,0.0536,1.2214
0.2033,0.0656,1.2407
0.181,0.0739,1.2668
0.1624,0.0772,1.2929
0.1413,0.0892,1.3211
0.1208,0.0923,1.3503
0.093,0.0872,1.3321
0.0648,0.0831,1.3157
0.039,0.0778,1.2978
0.0115,0.0686,1.2849
-0.0034,0.058,1.254
-0.013,0.0469,1.2259
-0.0287,0.0343,1.1979
-0.0399,0.0229,1.1652
-0.083,0.0606,1.1229
-0.121,0.0966,1.0845
-0.1621,0.1317,1.0428
-0.205,0.1718,0.9995
-0.2275,0.15,1.0082
-0.2473,0.1323,1.0207
-0.2698,0.1149,1.0328
-0.2949,0.0957,1.0425
-0.1826,0.0879,1.0496
-0.0775,0.0761,1.0557
0.03,0.0663,1.0607
0.1372,0.055,1.0662
0.0676,-0.0164,1.0879
-0.0055,-0.0827,1.11
-0.0771,-0.1528,1.1286
-0.148,-0.2251,1.1492
-0.1392,-0.2031,1.1073
-0.1357,-0.1773,1.0707
-0.1313,-0.1546,1.0319
-0.1262,-0.1311,0.9915
-0.1108,-0.0804,0.971
-0.0986,-0.0312,0.9476
-0.0853,0.0152,0.9257
-0.07,0.0611,0.9025
-0.0794,0.0765,0.9229
-0.0906,0.0918,0.9432
-0.1024,0.1118,0.9631
-0.1158,0.1274,0.9848
-0.0721,0.1001,0.9885
-0.0289,0.0722,0.9895
0.0093,0.0471,0.9941
0.0502,0.0204,0.9955
0.0128,-0.0309,0.9773
-0.0281,-0.0866,0.9554
-0.0695,-0.1401,0.9358
-0.1131,-0.1917,0.913
-0.0477,-0.1316,0.8802
0.0142,-0.0707,0.8455
0.0803,-0.0049,0.8079
0.1426,0.0532,0.7743
0.0779,0.0559,0.8589
0.0162,0.057,0.9413
-0.0495,0.0548,1.0231
-0.1123,0.0558,1.1073
-0.1093,0.0119,1.0644
-0.1087,-0.0318,1.0234
-0.0999,-0.0757,0.9819
-0.0954,-0.1185,0.9398
-0.0812,-0.0893,0.9304
-0.0655,-0.0582,0.9245
-0.0482,-0.029,0.9184
-0.0363,-0,0.9103
-0.014,0.0416,0.9387
0.0054,0.0839,0.9704
0.026,0.1249,0.9983
0.0448,0.1645,1.028
0.0765,0.1576,1.0448
0.1078,0.1534,1.0614
0.1398,0.1468,1.0725
0.1699,0.1378,1.0902
0.1535,0.1197,1.0571
0.1363,0.1013,1.0227
0.1199,0.0834,0.9899
0.0995,0.0637,0.9548
0.1217,0.0286,0.9342
0.1457,-0.0024,0.9153
0.1685,-0.0369,0.8935
0.1869,-0.0725,0.8747
0.1612,-0.0446,0.8785
0.1359,-0.0183,0.8818
0.1074,0.008,0.8866
0.0838,0.0331,0.8914
0.0626,0.0702,0.9444
0.0368,0.1075,0.992
0.0144,0.1484,1.0437
-0.0076,0.1832,1.0941
-0.0377,0.1583,1.0693
-0.066,0.1305,1.0466
-0.0937,0.1029,1.0189
-0.1212,0.0788,0.9975
-0.0928,-0.0183,0.9993
-0.0618,-0.1128,0.9968
-0.0313,-0.211,1
0.0025,-0.3033,1.001
-0.0175,-0.2889,1.035
-0.0338,-0.2687,1.0682
-0.052,-0.253,1.1044
-0.0717,-0.2368,1.1382
-0.0396,-0.1735,1.106
-0.0088,-0.1117,1.0715
0.0207,-0.0503,1.0399
0.0539,0.0112,1.0083
-0.0127,0.0219,1.051
-0.0759,0.0306,1.0922
-0.1407,0.0426,1.1341
-0.2038,0.0528,1.1735
-0.145,0.0382,1.1623
-0.0816,0.0259,1.1473
-0.0199,0.0111,1.1348
0.0455,-0.0019,1.1207
0.0005,0.0135,1.0831
-0.0411,0.03,1.0413
-0.0851,0.0461,0.9995
-0.1258,0.0593,0.9587
-0.0805,0.0866,0.9341
-0.0337,0.1132,0.9073
0.0079,0.1419,0.8867
0.0556,0.1686,0.8577
0.0471,0.1435,0.8967
0.0366,0.1117,0.9334
0.0299,0.09,0.9703
0.0179,0.0611,1.0076
-0.0023,0.0187,1.0281
-0.027,-0.0254,1.0544
-0.0516,-0.0659,1.0755
-0.0756,-0.112,1.0959
-0.0429,-0.1074,1.0927
-0.0119,-0.0992,1.0869
0.019,-0.0945,1.0821
0.0508,-0.0845,1.0747
0.0393,-0.0469,1.0677
0.0307,-0.0103,1.0635
0.0264,0.0288,1.0567
0.0147,0.0677,1.0505
0.0123,0.0366,1.0491
0.0135,0.0056,1.0502
0.0163,-0.0237,1.0486
0.0131,-0.0575,1.0497
-0.0052,-0.0437,1.0446
-0.0217,-0.0331,1.0404
-0.04,-0.023,1.0375
-0.0605,-0.0122,1.0332
-0.069,-0.0011,0.9961
-0.0749,0.0085,0.9569
-0.0868,0.018,0.9225
-0.0977,0.0279,0.8858
-0.0868,0.0251,0.898
-0.0789,0.0207,0.9112
-0.0718,0.0225,0.9179
-0.0598,0.0186,0.9308
-0.02,0.0153,0.9341
0.0122,0.0122,0.9355
0.0494,0.007,0.9378
0.0859,0.0051,0.9439
0.081,0.0018,0.9647
0.079,-0.0027,0.9828
0.0761,-0.0043,1.0033
0.0726,-0.0093,1.0243
0.0702,-0.0066,1.0358
0.0714,-0.003,1.0463
0.066,0.0034,1.0573
0.0623,0.0053,1.0694
0.0481,0.0063,1.0445
0.0289,0.0048,1.0205
0.0159,0.002,0.9973
-0.0015,-0.0003,0.9721
-0.0001,-0.0118,0.9759
0.0019,-0.0254,0.9814
0.0029,-0.0313,0.9911
0.0071,-0.0434,0.9926
0.0098,-0.0345,0.9925
0.0138,-0.0229,0.9908
0.0182,-0.0157,0.9927
0.021,-0.0045,0.9889
-0.0212,-0.0276,0.983
-0.057,-0.0444,0.9746
-0.0998,-0.0645,0.9685
-0.137,-0.0824,0.96
-0.0971,-0.0503,0.9636
-0.0542,-0.0194,0.9662
-0.0127,0.0085,0.9683
0.0296,0.0445,0.9719
0.0417,0.0733,1.0088
0.0549,0.0974,1.041
0.0668,0.1229,1.0776
0.0782,0.1539,1.1136
0.089,0.1257,1.1025
0.0961,0.1042,1.0889
0.1055,0.081,1.078
0.1172,0.0551,1.0652
0.0907,0.0543,1.0425
0.0606,0.0522,1.0213
0.0368,0.0506,0.9982
0.0082,0.0484,0.9737
0.0027,0.0437,0.9712
-0.004,0.0361,0.9674
-0.0089,0.0248,0.9636
-0.0156,0.0153,0.9584
-0.0327,0.0246,0.9449
-0.0476,0.028,0.9307
-0.0679,0.0328,0.9224
-0.0859,0.0399,0.9112
-0.0543,0.0202,0.9171
-0.0225,0.001,0.9239
0.0091,-0.0171,0.9304
0.0412,-0.0327,0.9348
0.05,0.0104,0.9697
0.0519,0.0545,1.0027
0.0575,0.0981,1.0334
0.0633,0.1454,1.0691
0.0492,0.1445,1.0769
0.0374,0.1472,1.0906
0.0254,0.1513,1.1028
0.0162,0.1544,1.1144
0.0064,0.1239,1.0955
0.0029,0.0917,1.0762
-0.0075,0.0656,1.055
-0.0128,0.0372,1.0316
-0.0118,0.0086,1.0437
-0.0103,-0.019,1.0511
-0.006,-0.0454,1.0631
-0.0059,-0.0749,1.0712
0.0023,-0.0781,1.0495
0.0158,-0.0754,1.0273
0.0249,-0.073,1.0063
0.0335,-0.0718,0.9838
0.0336,-0.0462,0.9784
0.0341,-0.026,0.9736
0.035,-0.0041,0.9689
0.0328,0.0192,0.9631
0.0354,0.0152,0.9811
0.0376,0.011,0.9991
0.0397,0.005,1.022
0.043,0.0013,1.0377
0.0259,-0.0052,1.0322
0.0152,-0.0102,1.0303
0.0036,-0.0231,1.0237
-0.0106,-0.0297,1.0168
-0.0053,-0.0232,1.021
0.0009,-0.0166,1.026
0.0042,-0.0071,1.0298
0.0093,-0.0032,1.034
0.0074,-0.004,1.0315
0.0049,-0.0009,1.0278
0.0046,0.0004,1.0219
0.0015,-0.0012,1.0198
-0.0123,-0.0019,1.0125
-0.026,-0.0009,1.007
-0.0421,0.0004,0.9951
-0.0583,-0.0005,0.9902
-0.0458,0.0052,1.0023
-0.0417,0.0157,1.02
-0.0295,0.0191,1.0372
-0.0207,0.0281,1.0514
-0.0495,0.0244,1.0528
-0.074,0.0181,1.054
-0.1009,0.0137,1.057
-0.1279,0.0104,1.0591
-0.088,0.0034,1.0535
-0.0447,0.0017,1.0468
-0.0037,-0.0023,1.0465
0.0357,-0.0094,1.0415
0.0372,-0.02,1.0322
0.0434,-0.0319,1.0204
0.0424,-0.048,1.0088
0.048,-0.0612,0.9995
0.051,-0.0163,1.0277
0.0526,0.0247,1.064
0.0598,0.0671,1.0959
0.0621,0.1088,1.1298
0.0049,0.0472,1.1019
-0.0524,-0.0163,1.0781
-0.1096,-0.0775,1.0531
-0.1636,-0.1432,1.0276
-0.1434,-0.1135,1.0033
-0.1213,-0.0874,0.9741
-0.0991,-0.0586,0.9505
-0.0786,-0.0341,0.9252
-0.0596,-0.0154,0.9769
-0.0482,0.0035,1.0336
-0.0244,0.0192,1.0856
-0.0072,0.0392,1.1424
-0.0384,0.032,1.1066
-0.066,0.0233,1.078
-0.0954,0.0179,1.0432
-0.1249,0.0099,1.012
-0.1084,0.0035,1.0066
-0.092,-0.006,1.0001
-0.0735,-0.0099,0.9923
-0.0582,-0.0148,0.9873
-0.0303,-0.0195,0.9753
-0.0009,-0.0257,0.9632
0.0242,-0.0293,0.95
0.0523,-0.0356,0.938
0.0704,-0.005,0.9731
0.0952,0.0243,1.0066
0.1161,0.0528,1.0412
0.1365,0.0822,1.0721
0.1062,0.0809,1.0734
0.0702,0.0792,1.0738
0.0398,0.0782,1.0757
0.0112,0.0744,1.0776
0.0008,0.0502,1.0492
-0.0035,0.0192,1.0182
-0.0091,-0.0069,0.9858
-0.014,-0.031,0.9529
-0.0207,-0.0513,0.9325
-0.0288,-0.0685,0.9114
-0.0373,-0.0873,0.8877
-0.0426,-0.1028,0.8672
-0.021,-0.1371,0.8793
-0.0035,-0.1709,0.888
0.0128,-0.2008,0.8971
0.0344,-0.2325,0.9073
0.0525,-0.1846,0.919
0.076,-0.1359,0.9309
0.0987,-0.0853,0.9431
0.1205,-0.0361,0.9592
0.1124,-0.005,1.0017
0.1054,0.0227,1.0433
0.0953,0.0516,1.0851
0.0898,0.0783,1.129
0.0715,0.0808,1.1283
0.0531,0.0799,1.1261
0.0314,0.0809,1.1233
0.008,0.0833,1.1229
-0.0076,0.0396,1.102
-0.025,-0.0082,1.0857
-0.0418,-0.0511,1.063
-0.0577,-0.0984,1.0418
-0.0554,-0.1197,1.0079
-0.0548,-0.1467,0.9749
-0.0527,-0.1734,0.9411
-0.0536,-0.2006,0.9091
-0.0376,-0.131,0.9014
-0.0185,-0.0612,0.8991
0.0044,0.0096,0.8961
0.0234,0.0809,0.8913
0.0342,0.0882,0.9291
0.0486,0.0956,0.9641
0.0596,0.1036,1.003
0.0748,0.1112,1.0368
0.0487,0.0797,1.037
0.0173,0.0417,1.0403
-0.01,0.0113,1.0373
-0.0388,-0.0226,1.04
-0.0299,-0.0197,1.0442
-0.024,-0.0173,1.0494
-0.0188,-0.0157,1.0501
-0.0119,-0.0091,1.0558
-0.0036,-0.0205,1.0482
0.0098,-0.0291,1.0459
0.0194,-0.0411,1.0446
0.0276,-0.0506,1.0429
0.0237,-0.0142,1.0533
0.0179,0.0206,1.0637
0.0149,0.0555,1.0717
0.0106,0.0893,1.0834
0.012,0.0782,1.0827
0.0101,0.071,1.0817
0.0122,0.0621,1.0823
0.0123,0.0548,1.083
-0.0228,0.0118,1.0803
-0.0532,-0.0278,1.0774
-0.086,-0.0707,1.0728
-0.1206,-0.1118,1.0703
-0.0925,-0.1036,1.042
-0.0645,-0.0913,1.0087
-0.0365,-0.0814,0.9782
-0.0064,-0.0694,0.9458
0.0065,-0.0443,0.9654
0.0213,-0.0183,0.9858
0.0317,0.0056,1.0016
0.0458,0.0302,1.0198
0.0517,0.0219,1.0294
0.0552,0.016,1.0353
0.0564,0.0098,1.0436
0.062,0.0059,1.0496
0.0427,0.0101,1.0582
0.0205,0.0157,1.0658
0.0005,0.0211,1.0742
-0.0223,0.0282,1.08
-0.0196,0.0028,1.0452
-0.0182,-0.0234,1.006
-0.018,-0.0483,0.9701
-0.0156,-0.0751,0.9321
-0.0058,-0.0598,0.9366
0.0077,-0.0436,0.9414
0.02,-0.0258,0.941
0.0347,-0.0122,0.946
0.0122,-0.0132,0.9489
-0.012,-0.0185,0.9566
-0.0366,-0.0192,0.9652
-0.0567,-0.0184,0.967
-0.0371,-0.0096,0.9719
-0.0164,-0.0004,0.9757
0.0074,0.0101,0.9753
0.0322,0.0206,0.985
0.0304,0.0173,0.991
0.0269,0.0177,1.0001
0.0297,0.0137,1.0037
0.0297,0.0105,1.01
0.0437,0.0128,1.0125
0.0619,0.0118,1.0171
0.077,0.0135,1.0163
0.0937,0.0159,1.0178
0.0778,0.0214,1.024
0.0579,0.0334,1.0299
0.043,0.0387,1.0327
0.0272,0.0542,1.0402
0.0204,0.0395,1.0269
0.013,0.0273,1.0192
0.0094,0.0138,1.0058
0.0047,0.0035,0.9968
-0.0202,-0.0102,0.9838
-0.0427,-0.0202,0.9688
-0.0651,-0.0296,0.9575
-0.0908,-0.0409,0.9433
-0.0759,-0.0327,0.9345
-0.0596,-0.0262,0.928
-0.0413,-0.0156,0.9223
-0.0204,-0.0056,0.9121
-0.0131,0.0017,0.9288
-0.0024,0.0119,0.9479
0.0087,0.0231,0.9662
0.0184,0.0324,0.9782
0.0338,0.0314,0.9713
0.054,0.0294,0.9651
0.0707,0.0288,0.9557
0.0887,0.0299,0.9498
0.0672,-0.0057,0.9588
0.0399,-0.04,0.9698
0.0149,-0.0775,0.9814
-0.0071,-0.1147,0.9882
-0.0087,-0.0949,0.9792
-0.0124,-0.0777,0.9693
-0.0133,-0.0583,0.958
-0.0194,-0.0413,0.949
-0.0128,-0.0127,0.9593
-0.0101,0.0166,0.972
-0.0069,0.0445,0.9826
-0.0043,0.0771,0.9917
0.0097,0.0439,0.9744
0.0232,0.0113,0.9555
0.0337,-0.0235,0.9423
0.0473,-0.0518,0.9219
0.0506,-0.0253,0.9357
0.0542,0.0003,0.9495
0.0597,0.0262,0.961
0.064,0.0514,0.9743
0.0444,0.0416,0.989
0.0224,0.0269,1.0045
0.0026,0.0154,1.0157
-0.0188,0.0045,1.0332
-0.0246,0.0016,1.044
-0.0303,0.0026,1.0535
-0.037,-0.0019,1.0645
-0.0424,-0.0041,1.0749
-0.0408,-0.0182,1.0605
-0.0423,-0.03,1.0414
-0.04,-0.0487,1.0294
-0.0392,-0.0584,1.0097
-0.022,-0.043,1.0086
-0.0033,-0.0296,1.0027
0.0113,-0.014,1.0014
0.0293,0.0017,1.001
0.0198,-0,0.997
0.0124,-0.0012,0.9949
0.0066,-0.0019,0.9941
-0.0007,-0.0017,0.995
0.0009,-0.0067,0.9891
0.0042,-0.0142,0.9852
0.0086,-0.0164,0.9833
0.0115,-0.0224,0.9741
0.0004,-0.0188,0.9887
-0.0067,-0.0183,0.9999
-0.0163,-0.014,1.011
-0.0284,-0.0122,1.0216
-0.0184,-0.0179,1.0208
-0.0071,-0.0224,1.014
0.006,-0.031,1.0099
0.0162,-0.0373,1.0046
0.0079,-0.0249,1.0104
0.004,-0.0138,1.0166
0.0001,-0.0001,1.0233
-0.0055,0.0102,1.0267
0.0006,0.0165,1.0261
0.0101,0.0233,1.0225
0.0193,0.0338,1.0157
0.0258,0.04,1.0121
0.0159,0.0381,1.0069
0.0046,0.0359,0.9942
-0.0045,0.0323,0.9874
-0.0149,0.0289,0.9783
-0.0164,0.0101,0.9816
-0.0128,-0.0089,0.9857
-0.0093,-0.0292,0.9907
-0.0084,-0.0469,0.9928
-0.0068,-0.0513,0.9876
-0.0031,-0.0541,0.9789
-0.0013,-0.0573,0.9702
0.0006,-0.0626,0.9637
-0.0043,-0.0448,0.9781
-0.0063,-0.0305,0.994
-0.01,-0.0173,1.0055
-0.0109,-0.0033,1.0231
-0.0019,0.005,1.0363
0.0098,0.0126,1.0475
0.0158,0.0213,1.0615
0.0254,0.0288,1.0747
-0.0094,0.0217,1.0669
-0.0488,0.0155,1.06
-0.0817,0.0051,1.0535
-0.1191,-0.0054,1.047
-0.0893,-0.0354,1.0362
-0.0573,-0.0676,1.0254
-0.0274,-0.0983,1.0127
0.0039,-0.1294,1.0018
0.0231,-0.1101,0.998
0.0429,-0.0921,0.9891
0.0579,-0.0722,0.9826
0.0767,-0.0612,0.9721
0.0771,-0.0378,0.9861
0.0792,-0.0208,0.9956
0.0765,0.0016,1.0014
0.0805,0.0197,1.0135
0.042,0.0095,1.0114
-0.0009,0.0011,1.0112
-0.0364,-0.008,1.0152
-0.0756,-0.0176,1.0137
-0.0758,-0.0392,0.9985
-0.0746,-0.0654,0.987
-0.0757,-0.0878,0.9747
-0.0783,-0.11,0.9626
-0.0552,-0.1004,0.9377
-0.0379,-0.0863,0.9116
-0.0183,-0.0734,0.8891
-0.0019,-0.0574,0.8589
0.0089,-0.0472,0.9063
0.0208,-0.034,0.9509
0.0304,-0.0226,0.9963
0.0429,-0.0122,1.0413
0.0399,0.0036,1.0488
0.0411,0.0205,1.0595
0.0412,0.0388,1.0688
0.0387,0.0523,1.0762
0.0204,0.043,1.0646
0.0022,0.0303,1.0515
-0.0194,0.0194,1.0359
-0.037,0.0041,1.0259
-0.0312,-0.0209,1.0125
-0.019,-0.0473,1.0019
-0.0121,-0.0776,0.9907
-0.0031,-0.1012,0.977
0.0004,-0.0878,0.9835
0.002,-0.0771,0.9873
0.0055,-0.0621,0.9925
0.0075,-0.0471,0.9979
0.0164,-0.0321,1.0107
0.0256,-0.0163,1.0168
0.039,0.0004,1.0282
0.0478,0.0171,1.0361
0.0482,0.0177,1.0305
0.0474,0.0159,1.0193
0.0465,0.0234,1.0088
0.0458,0.0244,1.0004
0.0387,0.021,0.9961
0.0304,0.0187,0.9911
0.0187,0.0187,0.9847
0.0141,0.0188,0.987
0.0063,0.017,0.9894
0.0026,0.0079,0.9924
-0.0025,0.0101,0.9985
-0.0043,0.003,1.0005
-0.0064,0.0035,1.0099
-0.0086,-0.0015,1.0181
-0.0127,-0.0059,1.0239
-0.0129,-0.011,1.0312
-0.0028,-0.0047,1.0313
0.0059,-0.0018,1.0271
0.0151,0.0002,1.0293
0.0204,0.0036,1.0257
0.0249,0.0082,1.0252
0.0252,0.0121,1.026
0.0291,0.0144,1.0262
0.0294,0.0188,1.022
0.0237,0.0135,1.0145
0.0231,0.0071,1.0083
0.0226,-0.003,0.9969
0.0197,-0.0112,0.9897
0.0077,-0.0127,0.9983
-0.0052,-0.0123,1.0098
-0.013,-0.0154,1.0181
-0.0238,-0.0181,1.0263
-0.0181,-0.0084,1.0224
-0.0096,0.0019,1.0175
-0.0001,0.0103,1.0151
0.0076,0.0191,1.0139
0.0064,0.0169,1.0163
0.0004,0.0131,1.0212
-0.0012,0.006,1.0238
-0.0032,0.0037,1.0291
0.002,0.0118,1.0348
0.0007,0.0251,1.0435
0.009,0.037,1.05
0.0086,0.0454,1.0554
0.0072,0.0482,1.0462
-0.0011,0.0481,1.041
-0.0037,0.0519,1.0359
-0.0079,0.0518,1.0254
-0.0015,0.039,1.0097
0.001,0.0278,0.9936
0.0082,0.0115,0.9761
0.0122,0.001,0.9569
0.0034,-0.0011,0.9637
-0.0083,-0.0074,0.9749
-0.0186,-0.0104,0.9811
-0.0272,-0.0143,0.9906
-0.0419,-0.0104,0.9905
-0.057,-0.0085,0.9913
-0.072,-0.0028,0.9903
-0.0846,-0.0014,0.9891
-0.0791,0.004,0.9962
-0.0733,0.0069,1.0007
-0.0684,0.01,1.0055
-0.0599,0.0176,1.0109
-0.0452,0.0177,1.02
-0.0282,0.0222,1.0345
-0.0161,0.0244,1.0471
0.0013,0.027,1.0574
0.007,0.0264,1.0486
0.0121,0.028,1.0357
0.0176,0.0315,1.0239
0.0246,0.0334,1.0167
0.0203,0.0246,1.0122
0.0136,0.017,1.0079
0.0102,0.0045,1.0063
0.0057,-0.0043,1.0037
0.0083,0.0081,0.9984
0.0144,0.02,0.9954
0.0204,0.0343,0.9933
0.0223,0.0478,0.9869
0.0029,0.032,0.987
-0.0217,0.0119,0.9878
-0.0394,-0.0065,0.9856
-0.0589,-0.0199,0.9839
-0.0425,-0.0181,0.9819
-0.024,-0.0162,0.9816
-0.0029,-0.0175,0.9794
0.014,-0.0143,0.9766
0.0027,-0.0102,0.9898
-0.0034,-0.0061,1.0045
-0.0126,-0.0025,1.0189
-0.0233,0.0016,1.0331
-0.0155,0.0069,1.0319
-0.0054,0.0099,1.0271
0.0014,0.0128,1.0224
0.0126,0.0174,1.0216
0.0094,0.0239,1.0323
0.0056,0.0298,1.0459
-0.0005,0.0375,1.0605
-0.0049,0.042,1.0741
-0.0064,0.0416,1.0655
-0.0103,0.041,1.0566
-0.0139,0.0335,1.0475
-0.0168,0.0319,1.0396
-0.0081,0.0193,1.03
-0.0071,0.0058,1.0288
-0.0005,-0.0125,1.0207
0.0051,-0.0229,1.0114
0.0126,-0.0317,0.9945
0.0187,-0.0419,0.9799
0.0242,-0.0485,0.9577
0.0347,-0.0616,0.9414
0.0352,-0.027,0.9576
0.0367,0.0004,0.9699
0.0436,0.0296,0.9839
0.0428,0.0605,0.9968
0.0279,0.0575,0.999
0.0136,0.0557,1.0049
-0.0027,0.054,1.0079
-0.0184,0.0507,1.0122
-0.0371,0.0395,1.0089
-0.0574,0.0275,1.0084
-0.0778,0.0159,1.0058
-0.0969,0.0001,1.0042
-0.0835,-0.0012,1.0068
-0.0713,-0.0042,1.0121
-0.0609,-0.0079,1.0163
-0.0476,-0.0089,1.0214
-0.0255,0.0014,1.0105
-0.0127,0.0095,1.004
0.0034,0.0196,0.9949
0.0232,0.0311,0.9854
0.0109,0.0546,1.0203
-0.0019,0.0799,1.0522
-0.0154,0.1044,1.0872
-0.0226,0.1264,1.1187
-0.0131,0.1222,1.1143
0.0029,0.1154,1.1076
0.0142,0.1095,1.1048
0.0306,0.1055,1.1001
0.0146,0.07,1.0841
-0.0045,0.038,1.0655
-0.0223,0.0067,1.0484
-0.0395,-0.0289,1.0342
-0.0289,-0.0235,1.0268
-0.0193,-0.0173,1.0215
-0.0072,-0.0091,1.0124
0.0041,-0.0018,1.0069
-0.0019,0.0109,1.0028
-0.0089,0.0218,0.9931
-0.018,0.0373,0.9876
-0.0227,0.0536,0.9802
-0.0178,0.0425,0.9726
-0.0084,0.0327,0.9705
-0.004,0.0224,0.9645
0.0023,0.0154,0.9597
0.0028,0.0173,0.9678
0.0018,0.013,0.979
0.0003,0.0173,0.9879
0.0043,0.0201,0.9952
0.002,0.0024,0.9872
0.0008,-0.0154,0.9801
0.0022,-0.0313,0.9725
0.0001,-0.0473,0.9652
0.0048,-0.0361,0.9864
0.0131,-0.0153,1.0143
0.0164,0.0003,1.0365
0.0254,0.0181,1.0622
0.0235,0.0152,1.0557
0.0256,0.0175,1.0481
0.0232,0.0175,1.0422
0.0259,0.0198,1.0373
0.0244,0.0093,1.0396
0.0235,-0.0011,1.0381
0.0192,-0.0107,1.0361
0.0196,-0.0191,1.0355
0.0175,-0.0197,1.034
0.0116,-0.0238,1.0271
0.007,-0.0257,1.0232
0.0021,-0.0265,1.0205
0.0064,-0.015,1.02
0.0078,-0.0127,1.0126
0.0098,-0.0065,1.0045
0.0157,0.0003,1.0013
0.0141,-0.0022,0.9952
0.0147,-0.0034,0.9962
0.0166,-0.006,0.9925
0.0161,-0.0088,0.9929
0.0123,0.0004,0.9943
0.0119,0.0059,1.0005
0.0087,0.0164,1.0029
0.0028,0.0257,1.0054
-0.0009,0.0194,1.0037
-0.0084,0.0182,0.9974
-0.0149,0.0091,0.9925
-0.021,0.0066,0.9884
-0.0169,0.013,0.9888
-0.0167,0.0198,0.9924
-0.0128,0.0269,0.9955
-0.0123,0.0329,0.9961
-0.0009,0.0269,0.9945
0.0042,0.0157,0.9932
0.0111,0.0035,0.9901
0.0195,-0.0032,0.9885
0.0237,0.0028,0.9934
0.0273,0.0094,0.9959
0.0292,0.0128,0.9951
0.031,0.0197,0.9997
0.0268,0.0208,1.0152
0.0272,0.0268,1.0391
0.0223,0.0303,1.0586
0.0209,0.0352,1.0776
0.005,0.0313,1.0582
-0.0101,0.0261,1.0347
-0.025,0.0217,1.013
-0.04,0.0177,0.9916
-0.0433,0.0066,0.9827
-0.0414,-0.0075,0.9757
-0.0399,-0.0214,0.9665
-0.0432,-0.033,0.9548
-0.0296,-0.0397,0.9507
-0.018,-0.0445,0.9472
-0.0082,-0.0474,0.9407
0.0039,-0.054,0.9345
0.0231,-0.0127,0.9494
0.0449,0.0318,0.9656
0.0615,0.0728,0.9793
0.0857,0.1169,0.9943
0.0833,0.0875,0.9885
0.0819,0.059,0.9827
0.0836,0.0298,0.9734
0.0862,0.0001,0.9647
0.0619,-0.0515,0.984
0.038,-0.0983,1.0061
0.0123,-0.1496,1.023
-0.0092,-0.1986,1.0454
-0.0173,-0.1862,1.0434
-0.0264,-0.1695,1.0416
-0.0377,-0.1508,1.0419
-0.0453,-0.1356,1.0399
-0.0409,-0.1036,1.0361
-0.0352,-0.0674,1.0314
-0.0264,-0.0332,1.0282
-0.023,-0,1.0242
-0.0197,0.0097,1.0308
-0.0172,0.021,1.0389
-0.0137,0.032,1.048
-0.0121,0.0432,1.0578
-0.0149,0.0378,1.0367
-0.0211,0.0315,1.0157
-0.0271,0.029,0.997
-0.0329,0.0219,0.9777
-0.0239,0.0205,1.0007
-0.0124,0.0161,1.0232
-0.0022,0.012,1.0431
0.0108,0.0083,1.0659
0.0167,0.0118,1.0552
0.0196,0.013,1.0474
0.0213,0.0172,1.0351
0.0263,0.0169,1.0265
0.0257,0.0179,1.0173
0.0236,0.0157,1.0096
0.0213,0.0139,0.9964
0.0229,0.0101,0.9839
0.0156,-0.0045,0.9701
0.0108,-0.0177,0.9528
0.0041,-0.0319,0.9353
-0.003,-0.0468,0.9183
-0.0014,-0.0402,0.9267
-0.0015,-0.0383,0.9342
-0.0023,-0.0361,0.943
-0.0036,-0.0339,0.9486
-0.014,-0.024,0.9596
-0.0225,-0.0082,0.9764
-0.0309,0.0023,0.987
-0.0439,0.0109,0.9982
-0.0549,0.0016,1
-0.0627,-0.006,0.9997
-0.0769,-0.0171,0.9957
-0.0873,-0.0257,0.9962
-0.0636,-0.0358,1.0123
-0.0442,-0.0385,1.0242
-0.0187,-0.0473,1.0405
0.001,-0.0532,1.0538
0.0105,-0.0408,1.0527
0.019,-0.0284,1.0513
0.0289,-0.0157,1.0541
0.037,-0.0013,1.0528
0.0407,0.0171,1.0318
0.048,0.0384,1.0163
0.0518,0.0609,0.9988
0.0571,0.0799,0.9799
0.0394,0.0603,0.9775
0.0255,0.0432,0.9787
0.0084,0.0247,0.9748
-0.0102,0.0106,0.972
-0.0222,-0.0005,0.9689
-0.0338,-0.0136,0.9652
-0.0432,-0.0238,0.9632
-0.0543,-0.0361,0.9565
-0.0673,-0.03,0.9523
-0.079,-0.0286,0.9484
-0.0862,-0.0215,0.9436
-0.0957,-0.016,0.9402
-0.0924,-0.0204,0.9657
-0.0866,-0.0254,0.9932
-0.082,-0.03,1.0191
-0.0769,-0.0376,1.0464
-0.0561,-0.0186,1.0508
-0.0339,-0.0017,1.0543
-0.0116,0.0169,1.0591
0.0108,0.032,1.0599
0.0158,0.0197,1.0472
0.0205,0.0052,1.03
0.025,-0.0033,1.0185
0.0287,-0.0173,1.0093
0.0292,-0.018,0.9993
0.0291,-0.0166,0.9968
0.0277,-0.0193,0.9934
0.0262,-0.0168,0.9889
0.0204,-0.0121,0.9793
0.0127,-0.0106,0.9764
0.0044,-0.0042,0.9713
-0.0011,-0.0026,0.9623
-0.0101,-0.0015,0.97
-0.0187,-0.0019,0.9768
-0.0257,-0.0042,0.9839
-0.037,0.0007,0.9865
-0.0411,0.0022,0.9941
-0.0451,0.0025,0.997
-0.0486,0.0008,1.0013
-0.0554,0.0013,1.0075
-0.0453,-0.0022,1.0197
-0.0302,-0.003,1.0295
-0.0188,-0.0062,1.0438
-0.006,-0.0088,1.0539
-0.0009,-0.0148,1.0444
0.005,-0.0226,1.0332
0.0066,-0.0339,1.0248
0.0147,-0.038,1.0166
0.0172,-0.0282,1.0172
0.023,-0.0164,1.0149
0.0264,-0.0047,1.0156
0.0322,0.0089,1.0184
0.027,0.0051,1.0106
0.0233,-0.0029,1
0.0157,-0.0119,0.9953
0.0118,-0.0183,0.9831
0.0134,-0.0198,0.9845
0.0138,-0.0206,0.988
0.0157,-0.0237,0.9862
0.0142,-0.0259,0.9864
0.0086,-0.0191,0.9907
0.003,-0.0159,0.9931
-0.0063,-0.0094,0.9902
-0.0098,-0.0072,0.9932
-0.0085,-0.0067,0.9965
-0.0071,-0.0106,0.9971
-0.0009,-0.0092,0.9978
0.0024,-0.0116,1.0001
0.0018,-0.0007,1.0183
-0.0005,0.0089,1.0376
-0.0015,0.0209,1.0553
0.0002,0.0311,1.0757
0.0007,0.0229,1.0666
0.0085,0.0129,1.0613
0.012,0.0045,1.0556
0.0161,-0.0041,1.0469
0.0035,-0.0098,1.0336
-0.0064,-0.0112,1.0219
-0.0176,-0.0151,1.0088
-0.0285,-0.0198,0.9949
-0.0328,-0.0275,0.9981
-0.0383,-0.0337,0.9983
-0.0392,-0.0406,0.9966
-0.0488,-0.046,0.9967
-0.0349,-0.0307,0.9944
-0.0251,-0.0148,0.9857
-0.0145,-0.0003,0.9839
-0.0043,0.0138,0.9779
-0.0048,-0.0014,0.9809
-0.0067,-0.0157,0.9864
-0.0075,-0.0336,0.9903
-0.0097,-0.0519,0.9923
-0.0116,-0.0274,0.9895
-0.0062,-0.0063,0.9881
-0.0056,0.0119,0.9827
-0.0043,0.0361,0.9797
-0.0024,0.0207,0.9861
0.0019,0.0114,0.995
0.0047,0,1.0017
0.0096,-0.0176,1.0081
0.0033,-0.0054,1.0181
-0.0069,0.0089,1.0253
-0.0183,0.0213,1.0299
-0.0221,0.034,1.0377
-0.0219,0.0253,1.0304
-0.0135,0.0149,1.0221
-0.0089,0.0072,1.0189
-0.0061,-0.0031,1.0092
0.001,0.0022,1.0087
0.0105,0.0091,1.0138
0.0179,0.0133,1.0126
0.0227,0.0198,1.0152
0.0181,0.0301,1.0036
0.0119,0.0381,0.996
0.0066,0.0479,0.9889
0.0023,0.0581,0.9795
0.0005,0.0483,0.9805
-0.0055,0.0353,0.9831
-0.0073,0.0248,0.9843
-0.0114,0.0141,0.9857
-0.005,0.003,0.9856
0.002,-0.0025,0.9849
0.0061,-0.0154,0.9835
0.013,-0.0225,0.9838
0.0088,-0.0172,0.9859
0.0101,-0.0066,0.9903
0.006,0.0006,0.9925
0.0064,0.0127,0.9952
0.0059,0.0132,0.9953
0.0011,0.0149,1.0004
0.0035,0.0173,1.0019
0.0053,0.0195,1.004
0.0009,0.0215,1.0081
-0.0044,0.022,1.013
-0.0108,0.0231,1.0198
-0.0149,0.0216,1.0237
-0.0071,0.0245,1.0192
-0.0011,0.0234,1.014
0.0033,0.023,1.008
0.013,0.0187,1.0032
0.0124,0.0142,1.0018
0.0058,0.0134,1
0.0035,0.0066,0.9965
0.0022,0.0023,0.9945
0.0058,0.0022,0.9916
0.0089,0.0057,0.9858
0.0124,0.0024,0.9818
0.0166,0.004,0.9781
0.0122,0.0045,0.9843
0.0098,0.0032,0.989
0.0075,0.0015,0.9967
0.004,0.0025,0.9984
0.0056,0.0078,1.005
0.0028,0.0101,1.0042
0.0018,0.0179,1.0109
-0.0015,0.0234,1.0086
-0.004,0.0244,1.0029
-0.0099,0.0295,0.999
-0.0107,0.0278,0.9914
-0.0145,0.0366,0.9848
-0.0182,0.0361,0.9884
-0.0149,0.0368,0.9892
-0.0154,0.0378,0.9944
-0.0144,0.0375,0.9939
-0.0076,0.0347,0.9859
0.0009,0.0322,0.9777
0.0088,0.0306,0.9709
0.014,0.0294,0.9623
0.0083,0.0237,0.9673
0.0003,0.0186,0.9716
-0.0041,0.0156,0.9731
-0.0102,0.0131,0.978
-0.0054,0.0085,0.9745
-0.0008,0.0083,0.9707
0.0031,0.0041,0.9639
0.0088,0.0021,0.9629
-0.0002,0.0064,0.9752
-0.0079,0.0112,0.985
-0.0153,0.0133,1.0012
-0.0257,0.0187,1.0117
-0.0157,0.0212,1.0082
-0.0053,0.0252,1.0013
0.0038,0.0299,0.9964
0.0114,0.0354,0.9935
0.0199,0.0396,0.9891
0.0277,0.0424,0.9876
0.0359,0.047,0.9837
0.0424,0.0532,0.9785
0.039,0.0541,0.9843
0.0349,0.0597,0.9982
0.0301,0.0618,1.0008
0.0258,0.0612,1.0104
0.0179,0.0486,1.0005
0.0113,0.035,0.9881
0.0011,0.0196,0.9789
-0.0044,0.003,0.9662
-0.0166,-0.0023,0.9579
-0.0262,-0.0084,0.9517
-0.0369,-0.0134,0.9495
-0.0443,-0.0204,0.9419
-0.0411,-0.0171,0.9475
-0.0353,-0.0095,0.9547
-0.0296,-0.0056,0.9635
-0.0228,-0,0.9713
-0.0282,0.0024,0.9756
-0.0264,0.0077,0.9799
-0.0299,0.008,0.9857
-0.0323,0.01,0.9885
-0.0219,0.008,0.9867
-0.0108,0.0029,0.9805
-0.0053,-0.0028,0.9747
0.0071,-0.003,0.9682
0.0049,0.0035,0.9779
0.0019,0.0145,0.9894
-0.0006,0.0243,1.0002
-0.003,0.0343,1.012
0.01,0.0283,1.0161
0.0179,0.0236,1.0177
0.0272,0.0172,1.0225
0.039,0.0122,1.0255
0.0261,0.0112,1.0278
0.0172,0.0136,1.0292
0.0039,0.0101,1.0289
-0.0055,0.0104,1.0299
-0.0024,0.0009,1.0249
0.0056,-0.0095,1.0162
0.0067,-0.0179,1.0047
0.0087,-0.0251,0.9967
0.0077,-0.0187,1
0.0043,-0.0204,1.0008
-0.0001,-0.0178,0.9982
-0.0031,-0.014,1.0013
0.0029,-0.0179,0.9946
0.0052,-0.0158,0.9875
0.0091,-0.0174,0.9791
0.0141,-0.0171,0.9762
0.0093,-0.0293,0.9901
0.0033,-0.0354,1.0001
-0.0037,-0.0452,1.0091
-0.0114,-0.0534,1.0186
-0.0182,-0.0688,1.0143
-0.0224,-0.0855,1.0102
-0.0306,-0.1053,1.0052
-0.0346,-0.1187,1.0046
-0.0122,-0.1039,1.0174
0.0095,-0.0883,1.0289
0.0346,-0.0681,1.0412
0.0553,-0.0515,1.0528
0.0637,-0.0352,1.0577
0.0724,-0.0127,1.0585
0.077,0.007,1.0645
0.0835,0.027,1.0676
0.0644,0.0415,1.066
0.0485,0.0554,1.0627
0.0318,0.073,1.061
0.0155,0.0852,1.0577
-0.0159,0.0517,1.0408
-0.0428,0.0175,1.0228
-0.0767,-0.0182,1.0058
-0.1054,-0.0528,0.992
-0.078,-0.0624,0.9735
-0.0449,-0.0663,0.9572
-0.0181,-0.0768,0.941
0.0122,-0.0837,0.9201
0.0119,-0.0629,0.9348
0.0107,-0.0409,0.9465
0.0123,-0.0187,0.9613
0.0145,0.0015,0.9751
0.0233,0.0118,0.9966
0.035,0.0192,1.0154
0.0489,0.0273,1.0342
0.0594,0.0365,1.0565
0.0458,0.0229,1.0578
0.0333,0.0112,1.0549
0.017,-0.003,1.0579
0.0044,-0.0181,1.0606
0.0035,-0.0248,1.0466
0.0095,-0.0327,1.0388
0.0139,-0.0426,1.0307
0.0159,-0.0474,1.0186
0.0158,-0.053,1.0104
0.0145,-0.0545,1.0039
0.014,-0.0553,0.9919
0.0133,-0.0568,0.9829
0.0123,-0.0512,0.9904
0.0115,-0.0487,0.9962
0.011,-0.0436,0.9996
0.0127,-0.0404,1.0087
0.0084,-0.0409,1.0068
0.0022,-0.0403,1.0024
-0.0006,-0.0402,1.004
-0.0059,-0.0393,1.0001
-0.005,-0.0426,0.994
-0.0067,-0.0443,0.9932
-0.0041,-0.0518,0.9857
0.0001,-0.058,0.9821
-0.0005,-0.0412,0.9985
-0.0051,-0.0259,1.0128
-0.0018,-0.0105,1.0316
-0.0014,0.0038,1.0487
-0.0017,0.0052,1.046
-0.0014,0.0069,1.0416
0.0027,0.0086,1.036
0.0063,0.0114,1.0338
0.0141,0.018,1.028
0.0258,0.022,1.0243
0.0297,0.0316,1.0222
0.0376,0.0361,1.0193
0.0168,0.0244,1.0129
-0.006,0.0118,1.0089
-0.0288,0.0006,1.0001
-0.0489,-0.0129,0.9941
-0.0378,-0.0199,0.9902
-0.0302,-0.0276,0.9902
-0.0206,-0.0323,0.9867
-0.0069,-0.0384,0.9829
-0.0081,-0.0318,0.9823
-0.0089,-0.0266,0.9861
-0.0115,-0.0189,0.9845
-0.0105,-0.0144,0.9846
0.0005,-0.0017,1.0014
0.0114,0.0079,1.0127
0.0221,0.0167,1.0303
0.0308,0.0263,1.0475
0.0237,0.0146,1.0494
0.0158,0.0033,1.0515
0.0081,-0.0093,1.0581
0.0035,-0.0184,1.0627
0.0096,-0.0217,1.0504
0.0121,-0.0223,1.0427
0.0185,-0.0274,1.0329
0.0189,-0.027,1.0237
0.0041,-0.0301,1.0316
-0.0142,-0.0314,1.045
-0.0312,-0.0324,1.0579
-0.0511,-0.0338,1.0671
-0.0277,-0.0114,1.0309
-0.0078,0.0065,0.9938
0.0174,0.0234,0.9588
0.0377,0.0461,0.9202
0.0322,0.043,0.9274
0.0266,0.0428,0.9363
0.0182,0.0408,0.9436
0.0136,0.0373,0.9481
0.0092,0.0486,0.936
0.0116,0.0611,0.9279
0.0129,0.0715,0.9177
0.0108,0.0866,0.905
-0.0168,0.0723,0.928
-0.0417,0.06,0.9483
-0.0703,0.0478,0.9696
-0.0959,0.0373,0.9953
-0.0848,0.0308,0.9844
-0.0747,0.0263,0.9743
-0.066,0.021,0.9653
-0.0541,0.0129,0.9544
-0.0531,0.0142,0.9678
-0.0565,0.0104,0.9809
-0.0561,0.0111,0.9919
-0.0583,0.0101,1.0068
-0.0327,0.0208,0.9966
-0.014,0.0291,0.9888
0.0052,0.0423,0.9822
0.0273,0.0526,0.9726
0.0281,0.0518,0.9712
0.0268,0.0494,0.9639
0.0317,0.0455,0.9611
0.0332,0.0482,0.9566
0.0333,0.0454,0.9588
0.0281,0.0436,0.9637
0.027,0.0431,0.9657
0.0274,0.0424,0.964
0.0229,0.0339,0.9649
0.0158,0.0205,0.9641
0.0117,0.0136,0.9625
0.0096,0.0035,0.9605
0.0026,-0.0006,0.9632
-0.0088,-0.0047,0.9647
-0.0159,-0.0081,0.9635
-0.024,-0.0112,0.9645
-0.027,-0.0063,0.9799
-0.0244,0.0001,0.9968
-0.0231,0.0073,1.0145
-0.0221,0.0126,1.0336
-0.0215,0.0121,1.0225
-0.0161,0.0125,1.0159
-0.009,0.0132,1.0085
-0.0042,0.0154,0.9984
-0.0005,0.0082,0.9971
0.0018,0.0067,0.9948
0.0043,0.001,0.9937
0.013,-0.0015,0.9918
0.0178,-0.0002,0.9851
0.0268,0.0021,0.9805
0.0314,0.0006,0.974
0.0402,0.0035,0.9698
0.0378,0.0033,0.9651
0.0348,0.0036,0.9673
0.0321,0.0014,0.9632
0.0323,-0.0002,0.9619
0.0313,0.0009,0.9639
0.0304,-0.0024,0.9717
0.0245,-0.0058,0.976
0.025,-0.0067,0.9784
0.0089,-0.0103,0.9888
-0.0066,-0.0088,0.9969
-0.0227,-0.009,1.0031
-0.0359,-0.0112,1.0103
-0.0437,-0.0119,1.0081
-0.0519,-0.0165,1.0047
-0.0593,-0.0134,1.0014
-0.0669,-0.0187,0.997
-0.0679,-0.0082,0.9967
-0.0674,0.0017,1.001
-0.0696,0.011,0.9991
-0.0675,0.0212,1.0003
-0.0463,0.0259,1.0006
-0.0219,0.0299,1.0008
-0.0008,0.036,1.0025
0.0241,0.0424,1.0055
0.0218,0.0367,0.9888
0.0238,0.0265,0.972
0.0254,0.0223,0.958
0.0241,0.0134,0.9394
0.019,0.0148,0.9505
0.0162,0.0115,0.9642
0.0155,0.0181,0.9781
0.0114,0.0159,0.9921
0.0034,0.0072,0.9762
-0.0046,-0.0009,0.9643
-0.0138,-0.0095,0.9507
-0.025,-0.0176,0.9415
-0.0285,-0.0303,0.9604
-0.0324,-0.0432,0.9793
-0.0379,-0.0576,0.9922
-0.0441,-0.0708,1.0099
-0.0472,-0.0537,1.0285
-0.0545,-0.0433,1.0468
-0.0567,-0.0339,1.0647
-0.0604,-0.018,1.0803
-0.0447,-0.0135,1.0718
-0.032,-0.0093,1.0606
-0.0198,-0.0019,1.0549
-0.0048,0.0028,1.0448
0.0033,-0.0044,1.0263
0.0096,-0.0141,1.0109
0.0173,-0.0227,0.9916
0.0253,-0.0315,0.9751
0.0256,-0.0315,0.9755
0.0315,-0.0307,0.9666
0.0331,-0.0305,0.9648
0.0338,-0.0302,0.9618
0.0356,-0.0285,0.9576
0.0374,-0.0282,0.959
0.037,-0.0306,0.9588
0.0364,-0.0338,0.956
0.0295,-0.0158,0.9689
0.0185,-0.0005,0.9858
0.0139,0.0117,0.9992
0.0025,0.0256,1.0097
-0.0068,0.0198,1.0193
-0.0161,0.0137,1.0275
-0.026,0.0075,1.04
-0.0349,0.0039,1.0464
-0.0425,-0.0067,1.0456
-0.0471,-0.0181,1.0419
-0.0539,-0.0259,1.0399
-0.0617,-0.0303,1.0363
-0.0488,-0.0354,1.0299
-0.0364,-0.0351,1.0263
-0.0237,-0.0357,1.0212
-0.0118,-0.038,1.0157
0.0003,-0.0294,1.0164
0.0129,-0.0184,1.0151
0.0265,-0.0101,1.0125
0.0347,0.0039,1.0121
0.0345,0.008,1.0144
0.0298,0.0096,1.0175
0.0246,0.015,1.0173
0.0183,0.0167,1.0186
0.0197,0.0179,1.0189
0.0242,0.0205,1.0204
0.0225,0.0236,1.0175
0.0191,0.0215,1.0208
0.0121,0.0141,1.0159
0.0002,0.0078,1.0116
-0.0083,-0.0005,1.0072
-0.0227,-0.005,1.0047
-0.0183,-0.005,0.9972
-0.0178,-0.0014,0.986
-0.0185,0.0035,0.9794
-0.0174,0.0048,0.9683
-0.0197,0.0047,0.9708
-0.0188,0.0011,0.9718
-0.0223,0.0008,0.9732
-0.0215,-0.0043,0.9733
-0.0085,-0.0025,0.9775
0.0059,-0.0019,0.9825
0.0219,-0.0018,0.9848
0.0328,-0.0021,0.9885
0.0322,0.0007,0.9969
0.0243,0.0056,1.0027
0.0223,0.0107,1.0142
0.0133,0.0155,1.0207
0.0242,0.0057,1.0299
0.0275,0.0012,1.0328
0.0354,-0.0052,1.0367
0.0404,-0.0138,1.0451
0.0268,-0.0084,1.0468
0.0124,-0.0052,1.0502
-0.0005,-0.0054,1.0566
-0.0158,-0.0034,1.0583
-0.0315,-0.0124,1.0314
-0.0474,-0.0168,1.0042
-0.0603,-0.0246,0.9717
-0.0746,-0.0318,0.9459
-0.054,-0.0209,0.9487
-0.0292,-0.0052,0.9524
-0.0098,0.0044,0.9563
0.0136,0.0183,0.9582
0.0242,0.0368,0.9802
0.0331,0.0546,1.0075
0.0386,0.0672,1.0331
0.0499,0.089,1.0584
0.0394,0.0841,1.0577
0.0249,0.0797,1.0564
0.0126,0.0791,1.0553
0.001,0.0721,1.0555
-0.0066,0.0415,1.0247
-0.0154,0.0084,0.9886
-0.0241,-0.0242,0.962
-0.0307,-0.0581,0.9279
-0.0201,-0.0373,0.9322
-0.0076,-0.0143,0.9354
0.0045,0.0028,0.9383
0.0199,0.0205,0.942
0.0074,0.0326,0.9416
-0.0012,0.0434,0.9436
-0.0102,0.0563,0.9441
-0.0196,0.0662,0.9466
-0.0245,0.0535,0.9549
-0.0331,0.0401,0.9656
-0.035,0.03,0.975
-0.0422,0.0118,0.9873
-0.042,0.0028,0.9859
-0.0463,-0.0044,0.9838
-0.0489,-0.0137,0.9811
-0.0493,-0.0225,0.9802
-0.0393,-0.0169,0.9787
-0.0287,-0.0146,0.9753
-0.0178,-0.0096,0.9724
-0.0071,-0.008,0.9674
-0.0032,-0.0036,0.9791
0.0011,-0.0017,0.9876
0.0098,0.0003,0.9954
0.0149,0.0028,1.0042
0.0215,0.0004,1.0005
0.0298,0.0037,1.0045
0.0328,0.0009,1.0025
0.04,0.0011,1.002
0.0253,-0.0032,1.0094
0.0112,-0.0084,1.0122
-0.0038,-0.0131,1.016
-0.0179,-0.0198,1.0216
-0.0147,-0.0127,1.0063
-0.013,-0.0064,0.991
-0.0105,-0.0013,0.9797
-0.0097,0.0009,0.9636
-0.0169,0.006,0.9662
-0.0227,0.0103,0.9644
-0.0279,0.0114,0.9632
-0.035,0.0158,0.9635
-0.0273,0.0073,0.9626
-0.0204,-0.0056,0.954
-0.0135,-0.0138,0.9544
-0.0048,-0.0214,0.9524
-0.004,-0.0077,0.959
0.0056,0.0084,0.9685
0.0057,0.0241,0.9765
0.011,0.0399,0.9873
0.0202,0.0204,0.9791
0.0275,0.0004,0.9765
0.0344,-0.0184,0.9702
0.0434,-0.0363,0.9668
0.0454,-0.0273,0.979
0.0454,-0.0207,0.993
0.0492,-0.0115,1.0095
0.0527,-0.0025,1.0232
0.0351,-0.0097,1.0173
0.0188,-0.0138,1.0131
0.0002,-0.021,1.0104
-0.0154,-0.0274,1.0071
-0.0141,-0.0187,1.002
-0.0123,-0.013,0.9984
-0.0064,-0.0027,0.9943
-0.0044,0.0032,0.9927
-0.0153,0.0022,0.9917
-0.0263,0.0024,0.9954
-0.0341,0,0.9882
-0.0406,0.0007,0.9928
-0.0316,0.004,0.9907
-0.0234,0.0099,0.9914
-0.015,0.0114,0.9919
-0.0068,0.0216,0.9932
0.0028,0.0225,0.9928
0.0112,0.0242,0.9934
0.0211,0.0299,0.9927
0.0298,0.0357,0.994
0.0178,0.0248,0.9948
0.0032,0.017,0.9929
-0.0079,0.0082,0.994
-0.023,-0.0007,0.9934
-0.0187,-0.0075,0.9954
-0.0219,-0.0178,0.9972
-0.0203,-0.0255,1.0009
-0.0208,-0.0331,1.0045
-0.0263,-0.0215,1.016
-0.0363,-0.0082,1.0338
-0.0412,0.002,1.0522
-0.049,0.0147,1.0669
-0.0474,0.0033,1.0522
-0.0473,-0.0094,1.039
-0.0429,-0.0204,1.0242
-0.0442,-0.035,1.011
-0.0312,-0.0286,1.0111
-0.0205,-0.0215,1.0091
-0.0099,-0.0129,1.0067
0.005,-0.0057,1.0068
0.0119,0.002,1.0076
0.0185,0.0146,1.0036
0.0301,0.0233,1.0011
0.034,0.0306,0.9994
0.0357,0.0357,0.9982
0.0355,0.0405,0.995
0.0382,0.0453,0.9965
0.0381,0.0517,0.992
0.0256,0.0334,1.0048
0.0102,0.011,1.0149
-0.0006,-0.0055,1.0224
-0.0122,-0.0205,1.0353
-0.0179,-0.0172,1.0292
-0.0215,-0.0145,1.0167
-0.0257,-0.0115,1.0155
-0.0279,-0.0059,1.0063
-0.0379,-0.0083,1.0121
-0.0471,-0.0126,1.0217
-0.0544,-0.014,1.0308
-0.063,-0.016,1.0383
-0.0448,-0.0055,1.0338
-0.0255,0.0024,1.0265
-0.006,0.0122,1.0214
0.0126,0.0201,1.0145
0.0091,0.0214,1.0169
0.0079,0.028,1.0165
0.0046,0.0268,1.0207
0.0007,0.0305,1.0259
0.0157,0.023,1.0119
0.0267,0.0149,1.0004
0.043,0.0076,0.9909
0.0526,-0.0012,0.9825
0.0408,0.003,0.9879
0.0357,0.0053,0.9962
0.0209,0.005,1.001
0.0153,0.0085,1.0126
0.0098,0.001,1.0045
0.0083,-0.003,1.0023
0.0066,-0.0076,0.9906
0.0022,-0.0124,0.9858
-0.0075,-0.0021,0.994
-0.0195,0.0053,0.9985
-0.0316,0.0113,1.0087
-0.0445,0.0188,1.015
-0.0449,0.0247,1.0169
-0.045,0.0316,1.0219
-0.0476,0.0369,1.022
-0.051,0.0445,1.0282
-0.0393,0.0423,1.0229
-0.0276,0.0429,1.0172
-0.0187,0.0376,1.0134
-0.01,0.0354,1.0097
0.0011,0.0362,1.0062
0.0104,0.0355,1.0012
0.018,0.0347,0.9973
0.0263,0.0364,0.9945
0.0265,0.0305,0.9866
0.0264,0.0299,0.9818
0.0285,0.0236,0.9797
0.0297,0.0182,0.973
0.0304,0.0126,0.979
0.0306,0.0027,0.9834
0.0277,-0.0104,0.9883
0.0281,-0.0173,0.9919
0.0204,-0.0139,1
0.013,-0.01,1.005
0.0022,-0.0051,1.0151
-0.0068,-0.0002,1.0215
-0.0198,0.0037,1.0261
-0.031,0.0083,1.0263
-0.0425,0.0108,1.0305
-0.0565,0.0158,1.0332
-0.0454,0.0114,1.0216
-0.0342,0.0115,1.0093
-0.025,0.0041,0.9945
-0.0161,-0.0007,0.9795
-0.0215,0.0147,0.9779
-0.0214,0.0284,0.9777
-0.028,0.0404,0.9824
-0.0364,0.054,0.9792
-0.0184,0.0473,0.9806
-0.0079,0.0445,0.9801
0.0078,0.0453,0.982
0.023,0.0408,0.9821
0.0151,0.0346,0.9805
0.0094,0.0278,0.9793
0.0028,0.0223,0.9795
-0.007,0.0178,0.9829
-0.0021,0.0117,0.9776
-0.0032,0.0019,0.982
-0.002,-0.004,0.9815
0.0009,-0.0093,0.9792
-0.0085,-0.0098,0.9805
-0.0169,-0.0051,0.9815
-0.0221,-0.0044,0.9806
-0.0317,-0.0043,0.9805
-0.0259,-0.0049,0.9857
-0.0209,-0.0031,0.987
-0.0119,-0.0002,0.9922
-0.008,0.0003,0.9954
-0.0044,0.0053,0.9982
-0.0004,0.0099,0.9996
-0.001,0.0144,1.0013
0.0021,0.0187,1.0028
0.0191,0.0157,1.0088
0.0334,0.0118,1.0125
0.0499,0.0062,1.0161
0.0656,-0.0006,1.022
0.0499,0.0034,1.0183
0.029,-0.0026,1.0163
0.0125,-0.003,1.0147
-0.0011,-0.0027,1.0118
0.0007,-0.0007,1.015
0.0028,0.0033,1.0204
0.0099,0.0085,1.0256
0.0145,0.0147,1.0283
0.0004,0.0125,1.0127
-0.0101,0.0137,0.9982
-0.0209,0.0157,0.9835
-0.0339,0.0172,0.9673
-0.0287,0.0126,0.9677
-0.0296,0.0069,0.9667
-0.0251,0.0048,0.9638
-0.0196,-0.0008,0.9617
-0.0189,0.0051,0.9706
-0.02,0.0086,0.9824
-0.0185,0.0141,0.9938
-0.0162,0.0183,1.0034
-0.0116,0.0165,1.0002
-0.0037,0.0143,0.9997
0.0022,0.0092,0.9964
0.0103,0.0047,0.993
0.02,-0.0052,0.9942
0.0253,-0.012,0.9932
0.036,-0.0246,0.9934
0.0451,-0.0334,0.993
0.0492,-0.0306,1.0066
0.0461,-0.0301,1.0166
0.0477,-0.0354,1.031
0.0481,-0.0344,1.0449
0.0397,-0.0153,1.0456
0.0297,0.0007,1.0451
0.0189,0.0198,1.0484
0.0107,0.0364,1.047
0.0026,0.0187,1.0336
-0.0044,-0.0006,1.0199
-0.0142,-0.0136,1.0066
-0.0233,-0.0336,0.9956
-0.0293,-0.0306,0.9963
-0.0381,-0.0228,0.9964
-0.044,-0.018,0.9968
-0.0509,-0.0126,0.9974
-0.0541,-0.013,0.9965
-0.0585,-0.008,0.9936
-0.0617,-0.0037,0.9942
-0.0652,-0.0013,0.994
-0.0413,0.0006,0.9972
-0.0203,0.0025,1.0044
0.0023,0.0016,1.0106
0.0272,0.0046,1.0158
0.0307,0.0094,1.0226
0.0291,0.0176,1.0285
0.0346,0.0219,1.0357
0.0371,0.0279,1.043
0.0298,0.0182,1.035
0.0216,0.0156,1.0337
0.0182,0.0045,1.0298
0.0117,-0.0028,1.026
0.006,-0.0076,1.0216
0.0038,-0.012,1.0153
0.0007,-0.0147,1.0119
-0.0049,-0.0195,1.0106
0.0018,-0.019,1.0091
0.0156,-0.0195,1.0057
0.027,-0.0153,1.0043
0.0343,-0.0169,1.0048
0.0184,-0.0126,1.0005
0.0046,-0.0093,0.9985
-0.0125,-0.0068,0.9935
-0.0293,-0.003,0.9941
-0.0302,-0.0088,0.989
-0.0304,-0.0122,0.9936
-0.0273,-0.0189,0.9944
-0.0263,-0.0184,0.9907
-0.0177,-0.0109,1.0012
-0.0092,-0.0092,1.0106
0.0033,-0.003,1.0229
0.0147,-0.001,1.0307
0.0109,-0.0006,1.031
0.0155,-0.0039,1.029
0.0175,-0.006,1.0292
0.0198,-0.0076,1.0274
0.0214,-0.006,1.0302
0.021,-0.0019,1.0343
0.0205,0.0026,1.0376
0.0211,0.006,1.0433
0.0231,0.0102,1.0331
0.0211,0.016,1.0238
0.0214,0.0194,1.0164
0.0203,0.026,1.0065
0.015,0.0262,1.0091
0.0113,0.0238,1.013
0.0097,0.0226,1.0225
0.0066,0.02,1.0262
-0.0033,0.0194,1.0172
-0.0154,0.0177,1.0129
-0.0236,0.0151,1.0003
-0.0334,0.0155,0.9948
-0.0294,-0.0001,0.9923
-0.0244,-0.0115,0.9911
-0.0197,-0.0234,0.9873
-0.0178,-0.036,0.9874
-0.0159,-0.0269,0.994
-0.0136,-0.0192,1.0004
-0.0106,-0.0119,1.0068
-0.0058,-0.0041,1.0133
-0.0023,0.0014,1.0221
0.001,0.0044,1.0313
0.0069,0.0089,1.0409
0.0064,0.0123,1.0489
0.0033,0.006,1.0474
0.0018,-0.0032,1.0453
-0.0012,-0.0104,1.0458
-0.0059,-0.017,1.0427
-0.0012,-0.007,1.0427
0.0024,0.0021,1.0386
0.0076,0.0093,1.031
0.0125,0.0173,1.0276
0.0065,0.0049,1.0245
-0.0001,-0.0087,1.0211
-0.0006,-0.0224,1.0157
-0.0068,-0.0355,1.0125
-0.0109,-0.0174,1.0077
-0.0137,0.0002,1.0028
-0.019,0.0176,0.9994
-0.0213,0.0359,0.9927
-0.015,0.0292,0.9855
-0.0039,0.0227,0.9786
0.0043,0.0161,0.9697
0.0123,0.0136,0.9612
0.0147,0.0133,0.9593
0.0138,0.0111,0.9636
0.0128,0.0088,0.9606
0.0164,0.0064,0.9633
0.0125,0.0102,0.9669
0.0061,0.0144,0.9712
0.0008,0.0159,0.9745
-0.0024,0.0182,0.9793
0.001,0.0151,0.9768
0.0021,0.011,0.9705
0.0084,0.0041,0.9635
0.0122,0.0009,0.9547
0.0082,0.0008,0.9643
0.0006,0.0005,0.9738
-0.0018,0.0004,0.9802
-0.0059,-0.0004,0.9881
-0.0046,-0.0012,0.9915
-0.0068,-0.002,0.9954
-0.005,-0.0001,0.9952
-0.0075,-0.002,1.0005
0.0004,0.0004,1.002
0.0041,-0.0029,1.0078
0.0092,0.0001,1.0116
0.0215,0.0029,1.0139
0.0156,0.0032,1.0086
0.0167,-0.0015,0.9996
0.0119,0.0008,0.9909
0.0123,-0.0019,0.9847
0.009,-0.0081,0.9812
0.0026,-0.0125,0.9823
-0.0002,-0.0143,0.9784
-0.0093,-0.0184,0.9766
0.0014,-0.018,0.9719
0.0073,-0.0144,0.9681
0.0167,-0.0193,0.9668
0.021,-0.0167,0.9662
0.0163,-0.0089,0.9696
0.0084,-0.0002,0.973
0.0028,0.0088,0.9777
-0.0044,0.0182,0.9803
-0.0057,0.0131,0.9789
-0.0077,0.0047,0.9782
-0.0092,-0.0052,0.9755
-0.0099,-0.0124,0.9738
-0.0088,-0.0109,0.9815
-0.0085,-0.0065,0.9864
-0.0025,-0.007,0.9928
-0.0029,-0.0025,0.9988
0.0022,-0.0007,0.9992
0.0045,0.0001,0.9993
0.0097,0.0058,1.0021
0.0122,0.0047,1.0002
0.0147,0.0066,0.9983
0.0109,0.0058,0.9963
0.0115,0.0035,0.9921
0.0089,0.0024,0.9889
0.0067,0.004,0.9878
-0.0011,0.0078,0.9811
-0.005,0.0066,0.9794
-0.009,0.0067,0.9754
-0.0189,0.0029,0.9698
-0.0262,0.0024,0.9666
-0.0316,-0.0023,0.9656
-0.0385,-0.006,0.9624
-0.0361,-0.0097,0.9657
-0.0297,-0.02,0.968
-0.0267,-0.0236,0.9759
-0.022,-0.0304,0.9746
-0.0193,-0.0204,0.9852
-0.0162,-0.007,0.9928
-0.0117,0.0085,1.0036
-0.0059,0.0174,1.0095
-0.0055,0.023,1.0114
-0.0039,0.0263,1.0122
-0.0054,0.0311,1.0119
-0.0039,0.0372,1.0115
-0.0033,0.0269,1.0124
0.004,0.0189,1.005
0.0086,0.0105,0.9986
0.0132,0.0022,0.9957
0.0059,0.0131,0.997
0.0026,0.0245,0.9997
-0.0051,0.0346,0.9972
-0.008,0.0413,0.9985
0.0015,0.0288,0.9883
0.0097,0.0213,0.9822
0.021,0.0096,0.9775
0.0294,-0.0041,0.9673
0.0183,-0.0077,0.9738
0.0051,-0.0094,0.9741
-0.0078,-0.0113,0.9803
-0.0225,-0.0145,0.9822
-0.0179,-0.01,0.9888
-0.018,-0.0074,0.9941
-0.0139,0.0016,1.002
-0.0103,0.0047,1.0066
-0.0101,0.0017,1.0088
-0.0057,0.0006,1.0113
-0.0025,-0,1.0143
-0.0021,-0.0065,1.0152
-0.0004,-0.0067,1.0176
0.0007,-0.0095,1.0184
0.001,-0.0115,1.0165
-0.0004,-0.0083,1.0157
0.0058,-0.0021,1.0234
0.0133,0.0066,1.0271
0.0159,0.0168,1.0314
0.0198,0.0258,1.0367
0.0252,0.0217,1.0295
0.021,0.0153,1.0214
0.0204,0.0138,1.014
0.0207,0.0043,1.0082
0.0142,0.007,1.0076
0.0112,0.0121,1.007
0.0049,0.0153,1.0044
0.0037,0.0188,1.0005
-0.0053,0.0134,1.0033
-0.0156,0.0035,1.0015
-0.0229,-0.004,1.0053
-0.0314,-0.0113,1.0038
-0.022,-0.0006,1.0046
-0.0119,0.0091,1.0013
0.0003,0.0192,1.0007
0.0101,0.0242,1.001
0.0122,0.0154,0.9975
0.009,0.007,0.9875
0.0111,0.0011,0.9805
0.0105,-0.0081,0.9754
0.0108,-0.0055,0.9832
0.0061,-0.0067,0.9895
0.0063,-0.006,0.9961
0.0025,-0.0044,1.0039
-0.0016,0.0009,1.005
-0.0058,0.0042,1.004
-0.0105,0.0107,1.0042
-0.0174,0.0144,1.0059
-0.0102,0.0143,1.005
-0.0074,0.0139,1.0089
-0.0054,0.0144,1.0107
-0.0019,0.0152,1.0121
-0.002,0.0162,1.0191
-0.0032,0.0225,1.0255
-0.0033,0.0209,1.0316
-0.0036,0.0233,1.0349
0.0017,0.0268,1.0323
0.0021,0.0291,1.0226
0.0109,0.0331,1.0169
0.0142,0.034,1.0086
0.0132,0.0319,1.0024
0.0113,0.0233,0.9931
0.0109,0.0209,0.9839
0.0104,0.0158,0.976
0.0075,0.0196,0.9774
0.0006,0.0256,0.9752
-0.0043,0.03,0.9764
-0.0082,0.034,0.9783
-0.01,0.031,0.9769
-0.0152,0.0282,0.9769
-0.0194,0.0208,0.9754
-0.0222,0.0177,0.9742
-0.0178,0.0181,0.9739
-0.0133,0.0193,0.9755
-0.0111,0.0185,0.975
-0.004,0.0159,0.9744
-0.0034,0.0269,0.9802
-0.0049,0.0299,0.9912
-0.0032,0.039,0.9969
-0.0059,0.0403,1.005
0.0018,0.0376,1.0023
0.0086,0.0308,0.9981
0.0196,0.0234,0.9944
0.0261,0.0168,0.9928
0.0223,0.0138,0.9918
0.0178,0.0063,0.9913
0.0149,-0.0025,0.9873
0.0115,-0.0054,0.9899
0.01,-0.0096,0.9865
0.0106,-0.014,0.9878
0.0079,-0.0146,0.9861
0.0083,-0.0174,0.9886
0.0009,-0.0108,1.0005
-0.0076,-0.0026,1.0092
-0.0117,0.0064,1.0223
-0.0163,0.017,1.0325
-0.0206,0.0057,1.0279
-0.0253,0.0055,1.0203
-0.0255,-0.0053,1.0172
-0.0323,-0.0094,1.0104
-0.0311,-0.0084,1.0173
-0.0295,-0.0056,1.0213
-0.0259,-0.006,1.028
-0.0245,-0.004,1.0351
-0.0149,-0.0004,1.0208
-0.0112,0.0029,1.0088
-0.002,0.0054,0.9978
0.0014,0.008,0.9854
0.0066,0.0128,0.9863
0.0086,0.0148,0.9892
0.0083,0.0165,0.9929
0.0119,0.0186,0.9925
0.0096,0.0167,0.9875
0.0068,0.0156,0.9854
0.0063,0.0154,0.9783
0.0029,0.0121,0.9739
0.0052,0.0095,0.9862
0.0028,0.0085,0.9856
0.0063,0.0031,0.9924
0.0027,0.0005,1.001
0.0034,-0.0025,1.0008
0.0059,-0.0022,1.002
0.0006,-0.004,1.0006
0.0061,-0.007,0.9989
0.0001,-0.0043,1.0062
-0.006,-0.0012,1.0121
-0.0108,-0.0019,1.0166
-0.0146,0.0016,1.0224
-0.0132,0.0048,1.0204
-0.0103,0.0027,1.0198
-0.0068,0.0053,1.0188
-0.0072,0.0059,1.0144
-0,0.0144,1.012
0.0027,0.0249,1.0119
0.0065,0.0347,1.011
0.0094,0.0429,1.006
0.0082,0.0405,1.0019
0.0073,0.0363,0.9937
0.0064,0.0317,0.9874
0.0007,0.0302,0.9803
0.0077,0.0253,0.9766
0.0112,0.016,0.9725
0.019,0.0103,0.9748
0.0228,0.0002,0.9741
0.0177,0.0087,0.9778
0.0102,0.0089,0.9774
0.0046,0.0139,0.9815
-0.0047,0.0166,0.9807
-0.0022,0.0132,0.9759
0.0041,0.0087,0.9714
0.0102,0.005,0.9662
0.0109,0.0024,0.9606
0.0073,-0.0015,0.9762
0.0051,-0.0078,0.9956
-0.0038,-0.0126,1.0148
-0.008,-0.0173,1.0291
-0.0039,-0.0159,1.0264
-0.0041,-0.0177,1.0187
-0.0073,-0.0166,1.0147
-0.0042,-0.0147,1.0097
-0.0066,-0.0175,1.0182
-0.0059,-0.018,1.0281
-0.005,-0.0182,1.0372
-0.0056,-0.017,1.0473
-0.0014,-0.0058,1.0346
0.0031,0,1.0222
0.0057,0.0075,1.0115
0.0116,0.0169,0.9983
0.0211,0.0108,0.9975
0.0278,0.0024,1.0005
0.0403,0.0001,1.0069
0.0468,-0.0068,1.0069
0.04,-0.0002,1.0061
0.0302,0.0048,1.0021
0.0218,0.0104,1.0019
0.013,0.0197,0.9974
-0.0028,0.0162,0.9948
-0.0147,0.0123,0.9905
-0.0284,0.0114,0.9842
-0.0453,0.0106,0.9806
-0.0396,0.0024,0.9789
-0.0313,-0.0068,0.979
-0.0263,-0.0085,0.981
-0.0187,-0.0172,0.9808
-0.0138,-0.0158,0.9877
-0.0128,-0.0111,0.9945
-0.0103,-0.0103,0.9957
-0.005,-0.0059,1.0054
-0.0056,-0.0104,1.0032
-0.0048,-0.0108,0.9991
-0.0001,-0.0164,0.9952
0.0024,-0.0224,0.9956
0.0118,-0.0142,1.008
0.0173,-0.0113,1.0201
0.0228,-0.0036,1.0347
0.029,0.0018,1.0455
0.0293,-0.0043,1.0395
0.029,-0.0092,1.035
0.0233,-0.0132,1.0281
0.0202,-0.019,1.0234
0.0138,-0.0146,1.0216
0.0128,-0.0076,1.0216
0.0054,-0.0024,1.023
0.0014,0.0008,1.0202
-0.0015,-0.0017,1.0131
-0.0074,-0.0018,1.007
-0.0081,-0.0095,1.0032
-0.0128,-0.0112,0.9979
-0.0071,-0.0065,0.994
-0.0017,-0.0004,0.997
0.001,0.0062,0.9941
0.0061,0.0155,0.9921
0.0006,0.0061,0.9947
-0.0073,0.0027,1.0012
-0.015,-0.002,1.0034
-0.0212,-0.007,1.0054
-0.013,-0.0079,1.0154
-0.0146,-0.0051,1.0219
-0.0101,-0.0007,1.0295
-0.0099,0.0016,1.0395
-0.0032,-0.0043,1.0381
0.0038,-0.0082,1.0426
0.0097,-0.0147,1.0413
0.0156,-0.0177,1.0416
0.0192,-0.0177,1.0415
0.0189,-0.0175,1.0376
0.0247,-0.0183,1.0393
0.0236,-0.0167,1.0397
0.0205,-0.019,1.0313
0.0194,-0.0166,1.0265
0.0167,-0.0163,1.018
0.013,-0.0173,1.0112
0.0133,-0.02,1.0024
0.0137,-0.0167,0.9963
0.0115,-0.015,0.9845
0.0141,-0.0165,0.9761
0.0031,-0.0103,0.9859
-0.0076,-0.0084,0.9929
-0.0145,-0.0014,1.0026
-0.0272,0.0007,1.0124
-0.0227,-0.0064,1.0113
-0.0235,-0.006,1.0124
-0.0228,-0.0125,1.0119
-0.0226,-0.0141,1.0104
-0.0186,-0.0126,1.0213
-0.0132,-0.006,1.0343
-0.0083,-0.0027,1.0473
-0.004,0.0023,1.0579
-0.0005,0.0113,1.0577
0.0014,0.0199,1.0553
0.0054,0.0275,1.0531
0.0099,0.0396,1.0523
0.0073,0.0285,1.0425
0.0022,0.0239,1.0357
-0.0053,0.0182,1.0284
-0.0045,0.0076,1.0184
-0.0011,0.0088,1.0076
-0.0016,0.0083,0.9996
-0.001,0.0135,0.995
-0.0004,0.0121,0.9831
-0.0055,0.0142,0.9892
-0.0071,0.0127,0.9948
-0.0169,0.0147,0.9959
-0.022,0.0159,1.0011
-0.0202,0.0134,0.9958
-0.0195,0.0076,0.9887
-0.0189,0.003,0.9837
-0.0188,0,0.972
-0.008,0.0068,0.9806
0.002,0.0032,0.9851
0.01,0.0065,0.9911
0.0197,0.0119,0.9965
0.0145,0.0113,1.0118
0.0105,0.0086,1.0208
0.0034,0.0055,1.0324
-0.0013,0.0058,1.0455
0.0003,0.0061,1.0402
0.0021,0.0095,1.0367
0.0013,0.0121,1.035
0.0038,0.012,1.03
-0.0014,0.0126,1.0307
-0.0046,0.0104,1.0314
-0.0045,0.0118,1.0288
-0.0061,0.0099,1.028
-0.0006,0.0108,1.0251
-0,0.0179,1.0222
0.0045,0.0201,1.0136
0.0087,0.0228,1.012
0.0063,0.0152,1.0054
0.0062,0.0113,1.0016
0.0019,0.0095,0.9913
-0.0015,0.0044,0.9844
-0.0024,0.0059,0.9761
0.0014,0.0049,0.9632
0.0004,0.0068,0.9533
-0,0.0063,0.9422
0.0029,0.0191,0.9477
0.0092,0.0287,0.9558
0.0117,0.0412,0.9661
0.0181,0.0503,0.9772
0.0036,0.0479,0.9745
-0.0098,0.0396,0.9707
-0.0224,0.0344,0.9692
-0.0374,0.0315,0.961
-0.0439,0.0237,0.9593
-0.0487,0.0165,0.9636
-0.0569,0.0078,0.9638
-0.063,0.0037,0.9649
-0.06,0.0132,0.9711
-0.0567,0.0249,0.9776
-0.0502,0.0388,0.9865
-0.0455,0.0497,0.993
-0.0493,0.0493,1.0014
-0.0519,0.0531,1.0044
-0.0544,0.054,1.0075
-0.0538,0.0558,1.0119
-0.0412,0.0487,1.0071
-0.0317,0.0453,1.0032
-0.0174,0.036,0.9993
-0.0026,0.0332,0.99
-0.0058,0.054,0.9918
-0.0071,0.0754,0.993
-0.0061,0.0931,0.9931
-0.0061,0.1091,0.9958
-0.0027,0.1045,0.9854
-0.0045,0.1062,0.9792
-0.0049,0.1026,0.9678
-0.0078,0.0982,0.962
-0.0112,0.0879,0.9661
-0.023,0.0787,0.9683
-0.0317,0.0688,0.9735
-0.0396,0.0604,0.9794
-0.0379,0.057,0.9852
-0.0438,0.0536,0.9925
-0.0457,0.0522,0.9997
-0.0486,0.0488,1.0077
-0.0462,0.0412,1.0064
-0.0461,0.037,1.0014
-0.0493,0.0321,1.002
-0.0468,0.027,0.9979
-0.034,0.0256,0.9993
-0.0253,0.0237,0.9971
-0.0117,0.0208,0.9987
-0.0042,0.0179,0.9991
-0.0027,0.0289,1.0077
-0.0066,0.0327,1.0173
-0.008,0.0374,1.0267
-0.0092,0.0414,1.0403
-0.0055,0.0282,1.0259
-0.0064,0.0148,1.0136
-0.0029,-0.001,1.0021
0.0004,-0.0164,0.9926
0.001,-0.0115,0.9992
0.0049,-0.0044,1.0057
0.0092,0.0052,1.0079
0.0134,0.0128,1.0137
0.0072,0.008,1.0097
0.004,0.0092,1.0083
0.0017,0.0037,1.0047
-0.0015,0.0027,1.0005
-0.0056,0.0007,1.0018
-0.0052,-0.0039,1.0009
-0.007,-0.0047,1.0031
-0.0087,-0.0067,1.0007
-0.0102,-0.0072,1.0061
-0.0141,-0.0013,1.0119
-0.0209,-0.0023,1.0154
-0.0263,0.0042,1.0174
-0.0264,0.0004,1.016
-0.0247,-0.0001,1.0156
-0.0283,0.004,1.0124
-0.0299,0.0034,1.0118
-0.0187,0.0041,1.0163
-0.0122,0.0066,1.0237
-0.0018,0.0032,1.0268
0.0031,0.0064,1.0317
0.0064,0.0097,1.0298
0.0115,0.0115,1.0251
0.0143,0.0177,1.0254
0.0162,0.0201,1.025
0.0165,0.0128,1.0184
0.0111,0.0115,1.0153
0.0088,0.0042,1.0087
0.006,-0.0011,1.0039
0.01,0.0114,1.0048
0.0118,0.0252,1.0039
0.0149,0.0341,1.0024
0.0139,0.0487,1.004
0.0007,0.0391,1.0031
-0.0132,0.0319,1.0063
-0.0292,0.0251,1.0038
-0.0397,0.0173,1.0038
-0.0402,0.0146,1.0042
-0.0355,0.0129,0.9991
-0.0359,0.0099,0.9969
-0.0308,0.0079,0.9961
-0.0366,0.03,1.0043
-0.0416,0.0479,1.018
-0.0482,0.0694,1.0312
-0.0493,0.0919,1.045
-0.0415,0.0803,1.0427
-0.0365,0.0715,1.0444
-0.0245,0.0584,1.0431
-0.0205,0.0482,1.0429
-0.0212,0.0644,1.0475
-0.0224,0.0784,1.0467
-0.0221,0.0945,1.0445
-0.023,0.1065,1.0471
-0.023,0.1128,1.0384
-0.0201,0.121,1.028
-0.019,0.1275,1.0201
-0.0217,0.134,1.0101
-0.0237,0.1177,1.005
-0.029,0.1061,1.0007
-0.0334,0.0872,1.0009
-0.037,0.0758,0.9951
-0.0328,0.0818,0.9942
-0.0331,0.082,0.9922
-0.0319,0.0868,0.9921
-0.0292,0.0865,0.9913
-0.0167,0.0392,0.9856
-0.0021,-0.0117,0.9846
0.0164,-0.0574,0.976
0.0284,-0.1075,0.974
0.0125,-0.0729,0.9735
-0.0029,-0.0438,0.9774
-0.0181,-0.014,0.9781
-0.0334,0.0174,0.982
-0.0316,-0.0015,0.9827
-0.029,-0.0206,0.9858
-0.0287,-0.0402,0.9851
-0.0226,-0.0562,0.9893
-0.0179,-0.0581,0.9866
-0.0086,-0.0576,0.989
-0.001,-0.054,0.9863
0.0069,-0.0557,0.987
0.0075,-0.0478,0.9948
0.0104,-0.0459,0.9999
0.0117,-0.041,1.0085
0.0161,-0.0409,1.0168
0.0141,-0.0319,1.0126
0.0159,-0.0221,1.0044
0.0135,-0.02,0.9995
0.0153,-0.0167,0.9942
0.0195,-0.0066,0.9899
0.0229,0.0055,0.9865
0.0232,0.0129,0.9866
0.0297,0.0223,0.9838
0.0241,0.0213,0.9818
0.0169,0.0224,0.9848
0.0084,0.0186,0.983
0.0023,0.0212,0.9841
0.0071,0.0132,0.9761
0.0092,0.0069,0.9724
0.0151,0.0023,0.9703
0.0207,-0.005,0.9656
0.0205,-0.0058,0.97
0.0172,-0.0043,0.9769
0.0112,-0.0032,0.9832
0.007,-0.0053,0.9877
0.0003,-0.0031,0.9916
-0.0065,-0.0012,0.9921
-0.0146,-0.0021,0.992
-0.0189,0.0018,0.9914
-0.0105,-0.006,0.9968
-0.0064,-0.0109,0.9984
0.0007,-0.0207,0.998
0.0078,-0.0309,1.0014
0.0065,-0.017,0.9998
0.0078,-0.0055,0.9973
0.0076,0.007,0.9947
0.0082,0.0194,0.9929
0.0106,0.0146,0.9895
0.0161,0.0107,0.9852
0.0193,0.0046,0.9784
0.0234,-0.0002,0.9752
0.0253,-0.0027,0.9749
0.0274,-0.0049,0.9731
0.0315,-0.0047,0.9706
0.0344,-0.0118,0.971
0.0281,-0.0121,0.9737
0.0272,-0.015,0.9691
0.0261,-0.0194,0.9768
0.02,-0.0249,0.9775
0.026,-0.0427,0.9755
0.0274,-0.059,0.9771
0.0249,-0.0769,0.9727
0.0279,-0.0962,0.9756
0.0259,-0.1014,0.9802
0.022,-0.1095,0.9859
0.0154,-0.1155,0.9893
0.012,-0.1209,0.9944
0.0148,-0.1119,0.992
0.0208,-0.1028,0.9934
0.0225,-0.0957,0.9959
0.0267,-0.0843,0.9926
0.029,-0.0939,0.9954
0.0324,-0.1002,0.9962
0.036,-0.1124,0.9994
0.0378,-0.1221,1.0002
0.039,-0.1164,1.0064
0.0458,-0.1124,1.0095
0.0476,-0.1105,1.0137
0.0474,-0.1042,1.0171
0.0464,-0.0989,1.0145
0.0411,-0.0914,1.0082
0.0401,-0.0843,1.0033
0.0365,-0.0818,0.9969
0.0329,-0.0825,0.9952
0.0317,-0.0865,0.9882
0.0282,-0.0892,0.9876
0.0257,-0.0929,0.9813
0.0259,-0.0861,0.9927
0.0252,-0.0781,1.0026
0.0289,-0.0708,1.0122
0.0238,-0.0635,1.0192
0.0189,-0.062,1.0158
0.0163,-0.0622,1.0142
0.01,-0.0613,1.009
0.0064,-0.062,1.0059
0.0046,-0.0543,1.0118
0.0006,-0.0464,1.0156
-0.0011,-0.0391,1.0206
-0.0053,-0.032,1.0238
-0.0008,-0.0303,1.0251
0.0058,-0.0319,1.024
0.0075,-0.032,1.0243
0.0105,-0.029,1.0217
0.0072,-0.0293,1.0221
0.0108,-0.0291,1.0219
0.011,-0.029,1.0174
0.0127,-0.0259,1.0186
0.0138,-0.0166,1.0134
0.0117,-0.0102,1.0066
0.013,-0.0038,0.9978
0.01,0.0017,0.991
0.0147,0.0046,0.9944
0.0151,0.005,0.9929
0.0214,0.0099,0.9943
0.0208,0.012,0.99
0.0096,0.0068,0.9933
-0.0005,0.0019,0.9952
-0.01,-0.0037,0.9992
-0.0206,-0.0089,0.9997
-0.0146,0.0019,1.0052
-0.0117,0.0167,1.008
-0.0069,0.0275,1.0141
0.0007,0.0405,1.0199
-0.0018,0.0282,1.0202
-0.0066,0.0169,1.0236
-0.0109,0.0053,1.0245
-0.0147,-0.0063,1.0274
-0.0044,0.0039,1.0358
0.0056,0.0088,1.0374
0.015,0.0144,1.0436
0.0235,0.0162,1.0485
0.0214,0.0282,1.031
0.0199,0.0361,1.017
0.0142,0.0454,0.9997
0.0114,0.0537,0.9897
0.0205,0.0486,1.0026
0.0277,0.0419,1.0178
0.0381,0.0362,1.0345
0.0481,0.0292,1.0528
0.0366,0.035,1.0319
0.0308,0.0379,1.014
0.0223,0.0438,0.9922
0.0131,0.0498,0.9757
0.0134,0.048,0.9668
0.014,0.0504,0.9574
0.014,0.0518,0.9495
0.0133,0.0508,0.9404
0.003,0.0606,0.9428
-0.0063,0.0713,0.9481
-0.0134,0.0784,0.9538
-0.0256,0.0892,0.9561
-0.036,0.0872,0.9584
-0.048,0.0884,0.9589
-0.0609,0.0849,0.9582
-0.0737,0.084,0.9602
-0.0749,0.0784,0.9614
-0.0688,0.0639,0.9674
-0.0712,0.0544,0.9731
-0.0687,0.045,0.9783
-0.0579,0.057,0.9784
-0.0491,0.0708,0.9768
-0.0431,0.0859,0.9763
-0.0315,0.097,0.9746
-0.015,0.0644,0.9854
-0.0021,0.0302,0.9917
0.0127,-0.0075,1.0019
0.0305,-0.0407,1.0084
0.0238,-0.0477,0.9989
0.0199,-0.0544,0.9902
0.013,-0.0632,0.9797
0.0077,-0.0702,0.9707
0.0129,-0.0701,0.9741
0.0195,-0.0666,0.9766
0.024,-0.0668,0.9805
0.0349,-0.0642,0.986
0.0274,-0.0614,0.9812
0.0197,-0.0599,0.9848
0.0122,-0.0559,0.9841
0.0052,-0.0515,0.9836
0.0132,-0.0495,0.982
0.02,-0.042,0.9861
0.0257,-0.0382,0.9853
0.0323,-0.0362,0.986
0.0279,-0.0344,0.9938
0.0171,-0.0277,0.9964
0.0117,-0.0246,0.9969
0.0053,-0.0233,1.0025
0.007,-0.0185,1.0043
0.0033,-0.0145,1.0056
0.0013,-0.0126,1.0037
-0.0046,-0.0055,1.0039
-0.0057,-0.0118,0.9968
-0.009,-0.0141,0.9954
-0.0141,-0.0207,0.9894
-0.0162,-0.0249,0.9849
-0.0143,-0.0182,0.9831
-0.0128,-0.0153,0.9784
-0.0103,-0.0084,0.9749
-0.0081,-0.0018,0.9734
-0.0121,-0.0062,0.9742
-0.0085,-0.0056,0.9776
-0.01,-0.0097,0.9771
-0.0131,-0.0077,0.9799
-0.0088,-0.0034,0.9803
-0.0037,0.0054,0.9823
0.0011,0.0152,0.9849
0.0042,0.0218,0.9912
-0.0006,0.0263,0.9897
-0.0076,0.0333,0.995
-0.015,0.0366,0.9952
-0.0216,0.037,1.0003
-0.0143,0.042,0.9961
-0.0084,0.04,0.9923
-0.0024,0.0383,0.9876
0.0027,0.0352,0.9878
0.0033,0.0332,0.9932
0.0021,0.0294,0.9944
0.0044,0.0234,0.9993
0.0045,0.0234,1.0025
0.0045,0.0256,0.9979
0.0079,0.0295,0.9891
0.008,0.0317,0.9802
0.0083,0.0381,0.9695
0.0077,0.0279,0.9752
0.0011,0.0195,0.9758
-0.0025,0.011,0.9774
-0.0074,-0.0006,0.977
-0.0027,0.003,0.9809
0.0016,0.0084,0.9849
0.0061,0.009,0.9887
0.0126,0.0137,0.9922
0.0126,0.0107,0.9925
0.0093,0.0065,0.9964
0.0088,0.0034,0.9928
0.0118,0.0018,0.9946
0.0119,-0.0115,0.9971
0.0109,-0.0236,1.0007
0.0111,-0.0398,1.0064
0.0114,-0.0498,1.014
0.0166,-0.037,1.0102
0.0257,-0.024,1.0128
0.0339,-0.0112,1.0135
0.0383,0.0018,1.0151
0.0331,-0.0021,1.006
0.0273,-0.0063,0.9976
0.0176,-0.0132,0.99
0.0108,-0.019,0.9889
0.0164,-0.0189,0.9893
0.0236,-0.018,0.988
0.0316,-0.0148,0.9879
0.0389,-0.016,0.9901
0.0345,-0.023,0.9961
0.0265,-0.0289,0.9986
0.0197,-0.0305,1.0027
0.0159,-0.0367,1.0088
0.0184,-0.037,1.0055
0.0169,-0.0352,1.0047
0.0197,-0.0346,1.0043
0.0193,-0.0323,1.0008
0.0133,-0.0125,1.0012
0.0061,0.0058,0.9976
-0.0063,0.0276,0.99
-0.0093,0.0478,0.9884
-0.0189,0.0364,0.9908
-0.0211,0.0258,0.9951
-0.0271,0.0184,0.9992
-0.0335,0.0049,1.0022
-0.0338,0.0146,1.0109
-0.0335,0.0215,1.0206
-0.033,0.0301,1.0288
-0.0346,0.0409,1.04
-0.03,0.037,1.0343
-0.0301,0.0345,1.0291
-0.0294,0.0312,1.0264
-0.0274,0.0315,1.021
-0.0199,0.0262,1.0221
-0.009,0.0193,1.0212
-0.0059,0.015,1.0209
0.0025,0.0118,1.0219
0.0042,0.0158,1.0154
0.0094,0.0201,1.0095
0.01,0.0223,1.008
0.0166,0.0269,0.9989
0.0138,0.019,0.9991
0.0131,0.0128,0.9971
0.0141,0.0042,0.9951
0.0156,-0.0028,0.9928
0.0121,-0.0087,0.9887
0.0099,-0.0123,0.9852
0.0062,-0.0196,0.9817
0.0021,-0.0228,0.9774
0.0023,-0.0239,0.982
-0.0003,-0.02,0.9889
-0.0002,-0.0154,0.9918
-0.0013,-0.0152,0.9992
0.0067,-0.0259,0.9985
0.0107,-0.0379,0.9953
0.013,-0.0445,0.9946
0.0197,-0.0542,0.9902
0.0203,-0.0519,0.998
0.0243,-0.0522,1.006
0.0261,-0.0477,1.0122
0.0276,-0.0461,1.0201
0.0313,-0.048,1.0121
0.0313,-0.0476,1.008
0.034,-0.0501,0.9991
0.0347,-0.0501,0.9921
0.0358,-0.058,0.9961
0.0373,-0.0651,1.0009
0.0376,-0.0706,1.004
0.036,-0.0775,1.0065
0.0339,-0.0747,0.9992
0.0299,-0.0692,0.9929
0.0296,-0.0671,0.9842
0.0256,-0.0599,0.9756
0.0266,-0.0637,0.9744
0.028,-0.0616,0.9692
0.0266,-0.0651,0.9612
0.0259,-0.0666,0.9568
0.0188,-0.0772,0.9636
0.0099,-0.0856,0.9678
0.0032,-0.0968,0.9734
-0.0069,-0.1035,0.9742
-0.0068,-0.0924,0.9795
-0.009,-0.0815,0.9837
-0.0056,-0.0732,0.9849
-0.0075,-0.0615,0.9909
0.0048,-0.0635,0.9906
0.0086,-0.0676,0.9891
0.0185,-0.0716,0.9902
0.0257,-0.0726,0.9896
0.0331,-0.065,0.9904
0.0323,-0.053,0.9908
0.0324,-0.0427,0.994
0.0354,-0.0325,0.9939
0.0307,-0.0244,0.9949
0.0283,-0.0164,0.9929
0.0237,-0.0117,0.9906
0.0157,-0.0042,0.9918
0.0148,-0.0107,0.9897
0.0142,-0.015,0.9881
0.011,-0.0241,0.9852
0.0056,-0.0279,0.9804
-0.0002,-0.0279,0.9783
-0.0043,-0.0249,0.9845
-0.013,-0.0212,0.9853
-0.0181,-0.0165,0.9865
-0.0181,-0.0163,0.9798
-0.0189,-0.0104,0.9737
-0.0152,-0.0081,0.9698
-0.0169,-0.0052,0.9624
-0.0142,-0.0038,0.9678
-0.0093,-0.0041,0.9719
-0.0043,-0.0003,0.9768
-0.003,0.0031,0.9833
-0.0009,0.0055,0.9839
0.0015,0.0097,0.9852
0.0074,0.0159,0.9865
0.0112,0.0218,0.9845
0.0101,0.0141,0.9926
0.0128,0.0048,0.9953
0.014,-0.0009,0.9995
0.011,-0.0048,1.0057
0.0172,-0.0021,1.0003
0.0197,0.0051,0.9952
0.0257,0.0099,0.9889
0.0279,0.0171,0.9851
0.0282,0.0127,0.9918
0.0221,0.0132,0.9984
0.0186,0.0117,1.0025
0.0176,0.01,1.0076
0.0144,0.0025,1.0043
0.0183,-0.0036,1.0003
0.0147,-0.0117,0.9971
0.0183,-0.0199,0.9925
0.013,-0.0171,0.9936
0.0082,-0.0176,0.9965
0.0035,-0.0139,0.9996
-0.0003,-0.012,1.0034
0.0058,-0.0243,0.9959
0.0141,-0.0335,0.9894
0.019,-0.0477,0.9849
0.0259,-0.0578,0.9788
0.0243,-0.0637,0.9856
0.0198,-0.0722,0.9915
0.0165,-0.0758,0.9951
0.0137,-0.0827,1.0027
0.0174,-0.069,0.9939
0.0264,-0.0582,0.9864
0.0312,-0.0426,0.9764
0.0389,-0.0308,0.9675
0.0128,-0.0037,0.9841
-0.0116,0.0263,1.0017
-0.0374,0.0543,1.0174
-0.0626,0.083,1.0321
-0.058,0.0952,1.03
-0.0561,0.1058,1.0292
-0.0578,0.1119,1.0285
-0.0518,0.1251,1.0298
-0.0547,0.1172,1.0194
-0.0563,0.1041,1.0104
-0.0579,0.0943,1.0015
-0.0583,0.0861,0.9915
-0.0452,0.0993,0.992
-0.0315,0.1173,0.9972
-0.0185,0.1321,0.9954
-0.0053,0.1431,0.9904
-0.0097,0.1438,0.9845
-0.0123,0.1418,0.9798
-0.0172,0.1444,0.9698
-0.0218,0.1444,0.9615
-0.0182,0.1241,0.9663
-0.0183,0.0976,0.9689
-0.0195,0.079,0.973
-0.0157,0.0559,0.9775
-0.0131,0.0578,0.9796
-0.0105,0.0602,0.9808
-0.004,0.0608,0.9844
-0.0029,0.0627,0.9865
